{
"type": "FeatureCollection",
"name": "ra_limiti_amministrativi",
"crs": { "type": "name", "properties": { "name": "urn:ogc:def:crs:OGC:1.3:CRS84" } },
"xy_coordinate_resolution": 1e-06,
"features": [
{"type":"Feature","properties":{"id":173,"codice_istat":68011,"nome":"Cepagatti","codice_pro":68,"codice_reg":13,"codice_cm":"z","codice_catastale":"C474"},"geometry":{"type":"MultiPolygon","coordinates":[[[[14.156472,42.416959],[14.156755,42.416947],[14.157124,42.417058],[14.157127,42.416878],[14.157317,42.416699],[14.157604,42.416634],[14.157914,42.416631],[14.158169,42.416633],[14.158442,42.416667],[14.158705,42.416763],[14.158962,42.416869],[14.159225,42.416983],[14.159491,42.417044],[14.159709,42.417135],[14.159963,42.417227],[14.160218,42.417243],[14.160447,42.417186],[14.160699,42.417138],[14.160937,42.417068],[14.161169,42.416989],[14.161377,42.416868],[14.161492,42.416676],[14.161526,42.416473],[14.161564,42.416289],[14.161534,42.4161],[14.161469,42.415924],[14.16139,42.415684],[14.161259,42.415472],[14.161062,42.415232],[14.160877,42.414992],[14.160668,42.414742],[14.160292,42.41442],[14.160063,42.414279],[14.159797,42.414205],[14.159459,42.414211],[14.159195,42.414209],[14.158872,42.414261],[14.158617,42.414286],[14.158316,42.414293],[14.158054,42.414296],[14.157781,42.414303],[14.157504,42.414309],[14.157261,42.414321],[14.157012,42.414319],[14.156757,42.414299],[14.156491,42.414212],[14.156218,42.41416],[14.155948,42.414104],[14.155625,42.41398],[14.155402,42.413875],[14.154921,42.413669],[14.154661,42.413591],[14.154487,42.413459],[14.154245,42.413335],[14.153959,42.413144],[14.153736,42.41298],[14.153503,42.412745],[14.153109,42.412192],[14.152939,42.411993],[14.152771,42.411825],[14.152596,42.411675],[14.152419,42.411507],[14.152267,42.411353],[14.152078,42.411122],[14.15192,42.410923],[14.151783,42.41071],[14.151691,42.410525],[14.151542,42.410132],[14.151496,42.409938],[14.151526,42.409749],[14.15158,42.409569],[14.151791,42.409445],[14.152076,42.409465],[14.152327,42.409543],[14.152608,42.409694],[14.152785,42.409835],[14.152977,42.410039],[14.153111,42.410229],[14.153236,42.410446],[14.153306,42.410622],[14.153358,42.410816],[14.153447,42.411002],[14.153539,42.411173],[14.153722,42.411332],[14.153912,42.411446],[14.154105,42.411551],[14.154395,42.411648],[14.154685,42.41161],[14.154947,42.411535],[14.155128,42.411388],[14.155488,42.411062],[14.155612,42.410846],[14.155718,42.410658],[14.155775,42.410469],[14.155769,42.410253],[14.155714,42.410059],[14.155662,42.409879],[14.155604,42.409689],[14.155477,42.409396],[14.155391,42.409224],[14.155287,42.409038],[14.155148,42.408781],[14.15502,42.408573],[14.154848,42.40827],[14.154787,42.40808],[14.15476,42.407832],[14.15479,42.407598],[14.15485,42.407401],[14.154905,42.407194],[14.154953,42.406983],[14.15502,42.406767],[14.155092,42.406583],[14.155168,42.406408],[14.155246,42.406201],[14.15527,42.406008],[14.155276,42.405828],[14.155186,42.405507],[14.155064,42.405322],[14.154886,42.405199],[14.154699,42.405076],[14.154448,42.405007],[14.154167,42.404915],[14.153852,42.404804],[14.153669,42.404681],[14.153482,42.404549],[14.153286,42.404444],[14.152951,42.404329],[14.152718,42.404255],[14.152491,42.404146],[14.152329,42.403987],[14.152168,42.403774],[14.151982,42.40362],[14.15179,42.403465],[14.151678,42.403194],[14.151604,42.403],[14.151526,42.402743],[14.151502,42.402517],[14.15151,42.402328],[14.151504,42.402094],[14.151517,42.401842],[14.151544,42.401599],[14.151577,42.401406],[14.151641,42.401163],[14.151754,42.400925],[14.151875,42.400742],[14.152112,42.400509],[14.152272,42.400357],[14.152508,42.40017],[14.152729,42.400041],[14.15297,42.399957],[14.153217,42.399905],[14.153496,42.399921],[14.153744,42.399967],[14.15402,42.400046],[14.154288,42.400179],[14.154513,42.400378],[14.154868,42.40066],[14.155156,42.400743],[14.155396,42.400732],[14.155691,42.400716],[14.155926,42.400614],[14.156092,42.400422],[14.156177,42.400224],[14.15618,42.400012],[14.156158,42.399819],[14.156109,42.399634],[14.155923,42.399488],[14.155898,42.399285],[14.156074,42.399048],[14.156102,42.399018],[14.156222,42.398883],[14.156265,42.398685],[14.156267,42.398505],[14.156255,42.398293],[14.156328,42.398041],[14.156413,42.39779],[14.156504,42.397619],[14.156633,42.397454],[14.156736,42.397256],[14.156796,42.397086],[14.156885,42.396821],[14.156925,42.396573],[14.156973,42.396348],[14.157055,42.396164],[14.157094,42.395949],[14.157106,42.395706],[14.157094,42.39548],[14.157118,42.395039],[14.157037,42.394786],[14.156866,42.394587],[14.156622,42.394414],[14.156433,42.394296],[14.156164,42.394208],[14.155866,42.394165],[14.155578,42.394136],[14.155318,42.394085],[14.155048,42.394047],[14.154784,42.393995],[14.154491,42.393899],[14.154264,42.393838],[14.153995,42.393782],[14.15374,42.393731],[14.153428,42.393675],[14.153161,42.393632],[14.152916,42.393608],[14.152676,42.39357],[14.152437,42.393528],[14.152128,42.393476],[14.151882,42.393443],[14.1516,42.393382],[14.151343,42.393331],[14.151044,42.393229],[14.150799,42.39311],[14.150537,42.392951],[14.150217,42.392831],[14.149944,42.392771],[14.149693,42.392701],[14.149397,42.392591],[14.1491,42.392512],[14.148834,42.392443],[14.148598,42.392378],[14.148375,42.392259],[14.148262,42.392056],[14.148171,42.391871],[14.148098,42.391649],[14.148062,42.391347],[14.148051,42.391068],[14.148123,42.390857],[14.148244,42.390673],[14.148369,42.390476],[14.148517,42.390311],[14.148662,42.390141],[14.14912,42.389703],[14.149357,42.389443],[14.149551,42.389265],[14.149736,42.389068],[14.149799,42.388879],[14.149814,42.38869],[14.149782,42.388402],[14.1497,42.388154],[14.149552,42.387882],[14.149376,42.387651],[14.149064,42.387352],[14.148838,42.387211],[14.148636,42.387106],[14.148303,42.387045],[14.147941,42.387064],[14.147627,42.387143],[14.147362,42.387218],[14.147071,42.387391],[14.146871,42.387574],[14.146653,42.387744],[14.14646,42.3879],[14.14623,42.388047],[14.146031,42.388162],[14.145835,42.388296],[14.145635,42.388475],[14.145422,42.388689],[14.145234,42.388935],[14.145063,42.389186],[14.144863,42.389441],[14.144726,42.389657],[14.144623,42.389885],[14.144525,42.390173],[14.144485,42.390384],[14.144582,42.390619],[14.144707,42.390827],[14.144899,42.391013],[14.145088,42.391145],[14.145333,42.391237],[14.145578,42.391338],[14.145804,42.391457],[14.146069,42.391621],[14.146237,42.391793],[14.146298,42.391978],[14.146225,42.392189],[14.14618,42.392378],[14.146059,42.392566],[14.145914,42.392718],[14.145724,42.392857],[14.145573,42.393049],[14.145326,42.393142],[14.145069,42.393216],[14.144719,42.393268],[14.144373,42.393283],[14.144003,42.393253],[14.143742,42.393215],[14.143412,42.393163],[14.143057,42.393098],[14.142782,42.392983],[14.142593,42.392824],[14.142454,42.392598],[14.14242,42.392422],[14.142444,42.392202],[14.142661,42.391848],[14.142749,42.391632],[14.142858,42.391471],[14.14297,42.391273],[14.142991,42.391035],[14.142962,42.390711],[14.142932,42.39049],[14.142892,42.390287],[14.142861,42.390106],[14.142793,42.389764],[14.142689,42.389385],[14.142625,42.389137],[14.142577,42.388911],[14.142467,42.388726],[14.142288,42.388499],[14.142023,42.388299],[14.141736,42.388166],[14.141476,42.388115],[14.141225,42.388072],[14.140884,42.388074],[14.140559,42.388108],[14.140318,42.388151],[14.140063,42.388154],[14.139795,42.388215],[14.139572,42.388303],[14.139285,42.388427],[14.139065,42.388561],[14.138844,42.388689],[14.13859,42.388827],[14.138367,42.388943],[14.138165,42.389063],[14.137711,42.389356],[14.137503,42.389454],[14.137251,42.38951],[14.136928,42.389522],[14.136619,42.389506],[14.136319,42.389481],[14.136073,42.389443],[14.135834,42.389374],[14.135601,42.389291],[14.135318,42.389172],[14.135019,42.389021],[14.134766,42.388875],[14.134512,42.388747],[14.134266,42.388578],[14.134034,42.388406],[14.133833,42.388242],[14.133586,42.388064],[14.133313,42.387864],[14.132826,42.387473],[14.13258,42.387242],[14.132358,42.387038],[14.132212,42.386892],[14.132163,42.386703],[14.132151,42.386424],[14.132186,42.386086],[14.132248,42.385798],[14.132327,42.385556],[14.132409,42.385354],[14.132731,42.38487],[14.132847,42.384605],[14.132826,42.38438],[14.132768,42.38419],[14.132707,42.384005],[14.132615,42.383833],[14.132505,42.383671],[14.132362,42.383498],[14.13217,42.383308],[14.131942,42.383112],[14.131798,42.382967],[14.131648,42.382822],[14.131484,42.382641],[14.131304,42.382423],[14.131141,42.38217],[14.131016,42.381953],[14.130874,42.381681],[14.130742,42.381406],[14.13059,42.381157],[14.130484,42.380927],[14.130374,42.380732],[14.130139,42.38037],[14.130005,42.380216],[14.129798,42.379998],[14.129546,42.379807],[14.129345,42.379644],[14.129174,42.379462],[14.129049,42.379295],[14.128855,42.379054],[14.128679,42.378837],[14.128499,42.378624],[14.128341,42.378425],[14.128168,42.378189],[14.128053,42.377977],[14.127929,42.377715],[14.127796,42.377452],[14.127744,42.377276],[14.127807,42.377101],[14.127828,42.376908],[14.127818,42.376723],[14.127852,42.376458],[14.127923,42.376206],[14.127979,42.375869],[14.127997,42.375662],[14.127994,42.375437],[14.127994,42.375239],[14.128024,42.375027],[14.128128,42.374726],[14.128289,42.374502],[14.128362,42.374282],[14.128308,42.374052],[14.128129,42.37379],[14.128068,42.373569],[14.128069,42.373312],[14.128096,42.373087],[14.128102,42.372857],[14.128103,42.372601],[14.128066,42.372393],[14.127923,42.372194],[14.12774,42.372076],[14.127522,42.371988],[14.127273,42.371838],[14.127063,42.371652],[14.126941,42.37143],[14.126823,42.371213],[14.126732,42.37096],[14.126669,42.370658],[14.126653,42.370334],[14.126677,42.370109],[14.126716,42.369893],[14.126755,42.369533],[14.126754,42.369344],[14.126772,42.369146],[14.126817,42.368962],[14.126884,42.368742],[14.12685,42.368372],[14.126747,42.368097],[14.126653,42.367889],[14.126369,42.367806],[14.125878,42.367757],[14.125489,42.367772],[14.125056,42.367872],[14.124659,42.368045],[14.124409,42.368169],[14.12418,42.368266],[14.12392,42.368359],[14.12368,42.368406],[14.123386,42.368386],[14.123077,42.368316],[14.122492,42.368042],[14.122285,42.367851],[14.122218,42.367607],[14.122098,42.367318],[14.121962,42.367015],[14.121906,42.366713],[14.121918,42.366533],[14.121955,42.366214],[14.121994,42.36603],[14.122049,42.365845],[14.122136,42.365652],[14.122304,42.365347],[14.122453,42.36515],[14.122523,42.364939],[14.122538,42.364714],[14.122487,42.364435],[14.122304,42.363844],[14.122159,42.363581],[14.121971,42.36335],[14.121722,42.363168],[14.121289,42.363079],[14.120891,42.363054],[14.120557,42.363069],[14.120226,42.363067],[14.11991,42.3631],[14.119575,42.363197],[14.119338,42.363226],[14.119029,42.36317],[14.118784,42.363096],[14.118564,42.362991],[14.118305,42.362845],[14.118019,42.362658],[14.117761,42.362449],[14.117581,42.362258],[14.117491,42.361978],[14.117401,42.361708],[14.117334,42.361491],[14.117313,42.361243],[14.117363,42.360969],[14.117494,42.360709],[14.117623,42.360376],[14.11768,42.360179],[14.117753,42.359986],[14.117828,42.359802],[14.117981,42.359542],[14.118254,42.359283],[14.118545,42.359096],[14.118861,42.358882],[14.119176,42.358682],[14.11943,42.358535],[14.119703,42.358362],[14.119957,42.358251],[14.120231,42.358168],[14.120551,42.358094],[14.120849,42.358037],[14.121165,42.358022],[14.121541,42.35802],[14.122018,42.358037],[14.122439,42.358085],[14.122811,42.35816],[14.123189,42.358262],[14.123613,42.358347],[14.123955,42.358444],[14.124227,42.358545],[14.124551,42.358606],[14.124964,42.358578],[14.125421,42.358464],[14.125736,42.358277],[14.125997,42.358036],[14.126255,42.357817],[14.126403,42.357679],[14.126585,42.3575],[14.126819,42.357254],[14.126982,42.357067],[14.127195,42.356811],[14.127331,42.356641],[14.127422,42.356453],[14.127515,42.356269],[14.127622,42.35604],[14.12771,42.355829],[14.127759,42.355568],[14.127722,42.355366],[14.127698,42.355167],[14.127818,42.354993],[14.127973,42.354791],[14.127937,42.354552],[14.12787,42.3543],[14.127634,42.35405],[14.127318,42.35389],[14.127007,42.353771],[14.126663,42.353606],[14.126281,42.353544],[14.125865,42.353541],[14.125495,42.353529],[14.125141,42.35345],[14.124788,42.353339],[14.12455,42.353203],[14.124322,42.353021],[14.124163,42.35283],[14.124026,42.352658],[14.123926,42.352464],[14.123904,42.352243],[14.123954,42.35196],[14.124039,42.351722],[14.124283,42.351453],[14.124519,42.351275],[14.124736,42.351142],[14.125059,42.351041],[14.125315,42.35097],[14.12572,42.35087],[14.126053,42.350755],[14.126382,42.350618],[14.126704,42.350436],[14.127285,42.350116],[14.127612,42.349921],[14.127866,42.349756],[14.128075,42.349627],[14.128267,42.349516],[14.128531,42.349356],[14.128779,42.3492],[14.128969,42.349076],[14.129009,42.349017],[14.129318,42.348628],[14.129521,42.348449],[14.129715,42.348226],[14.129862,42.348083],[14.130083,42.347927],[14.1305,42.347606],[14.130702,42.347477],[14.13079,42.34727],[14.130702,42.347103],[14.130573,42.346931],[14.130454,42.346759],[14.130263,42.346523],[14.130051,42.346333],[14.129883,42.346156],[14.129676,42.346006],[14.129383,42.345904],[14.129141,42.345853],[14.12881,42.345814],[14.128549,42.345821],[14.128307,42.345797],[14.128028,42.345781],[14.127799,42.345856],[14.127546,42.345949],[14.12729,42.346028],[14.127016,42.346098],[14.126763,42.346186],[14.126543,42.346265],[14.126332,42.346358],[14.126078,42.346496],[14.125916,42.346634],[14.125725,42.346822],[14.12558,42.346965],[14.125393,42.347135],[14.1252,42.347246],[14.12495,42.347338],[14.124706,42.347418],[14.124457,42.347452],[14.124161,42.347513],[14.123842,42.347555],[14.123553,42.347611],[14.123095,42.347838],[14.122823,42.347917],[14.12231,42.347967],[14.122086,42.347888],[14.121937,42.347734],[14.121773,42.347521],[14.121639,42.34734],[14.121626,42.347142],[14.121699,42.346922],[14.12179,42.346738],[14.121931,42.346572],[14.12198,42.346375],[14.12201,42.346186],[14.122055,42.346001],[14.122124,42.345808],[14.122176,42.345606],[14.122204,42.345336],[14.122193,42.345025],[14.122123,42.344831],[14.122019,42.344632],[14.121929,42.344366],[14.121819,42.343951],[14.121797,42.343771],[14.121774,42.343514],[14.121767,42.343311],[14.121773,42.343104],[14.121722,42.342874],[14.121683,42.342653],[14.121664,42.342441],[14.121631,42.342184],[14.121641,42.341928],[14.121653,42.341712],[14.121644,42.341522],[14.121589,42.341306],[14.121443,42.341125],[14.121282,42.340894],[14.121132,42.340582],[14.12105,42.340379],[14.120955,42.340198],[14.120738,42.340066],[14.12065,42.339885],[14.120562,42.339434],[14.120472,42.339168],[14.120328,42.338995],[14.12013,42.33885],[14.119917,42.338713],[14.119707,42.338536],[14.119522,42.338296],[14.119366,42.338137],[14.119226,42.337983],[14.119101,42.337779],[14.119005,42.337517],[14.118962,42.337287],[14.118808,42.336849],[14.118699,42.336592],[14.118654,42.336326],[14.118694,42.336101],[14.118722,42.335799],[14.118667,42.335601],[14.118676,42.335394],[14.118737,42.335165],[14.118801,42.334963],[14.118857,42.334639],[14.118877,42.334459],[14.118777,42.334246],[14.118689,42.334034],[14.118549,42.333826],[14.118343,42.333617],[14.118188,42.333427],[14.117945,42.333222],[14.117735,42.333054],[14.117484,42.33298],[14.117215,42.332875],[14.116962,42.332747],[14.116694,42.332614],[14.116486,42.332518],[14.11597,42.332343],[14.115649,42.332259],[14.115392,42.332212],[14.115041,42.332178],[14.11472,42.332112],[14.11442,42.332056],[14.114099,42.332053],[14.113803,42.332137],[14.113544,42.332189],[14.113247,42.332209],[14.112907,42.332197],[14.112658,42.332209],[14.112411,42.332311],[14.112137,42.33239],[14.111896,42.332478],[14.1117,42.332607],[14.111421,42.3326],[14.111133,42.332571],[14.11083,42.332528],[14.11052,42.332575],[14.110315,42.332677],[14.110079,42.332824],[14.109829,42.332921],[14.109601,42.332982],[14.109294,42.332998],[14.108954,42.333],[14.108699,42.333011],[14.108295,42.333058],[14.107952,42.333077],[14.107645,42.333107],[14.107377,42.333159],[14.107072,42.333237],[14.106759,42.333289],[14.106391,42.333331],[14.106109,42.333369],[14.105877,42.333431],[14.105605,42.333577],[14.105357,42.333719],[14.105173,42.333853],[14.104925,42.33381],[14.104671,42.333763],[14.104283,42.333697],[14.103657,42.33358],[14.103394,42.333524],[14.103131,42.333454],[14.102886,42.333376],[14.102681,42.333257],[14.102392,42.333106],[14.102111,42.333054],[14.101572,42.332942],[14.101318,42.332904],[14.100549,42.332808],[14.100276,42.332765],[14.100018,42.332808],[14.09978,42.332856],[14.099433,42.332921],[14.099144,42.332991],[14.098846,42.333056],[14.098545,42.333112],[14.098283,42.33315],[14.098013,42.333139],[14.097731,42.333119],[14.09737,42.33313],[14.097118,42.333159],[14.096802,42.333184],[14.096456,42.333204],[14.096097,42.333214],[14.095832,42.333113],[14.095612,42.333026],[14.095318,42.332978],[14.095054,42.332972],[14.094798,42.333015],[14.094509,42.333089],[14.094245,42.333132],[14.093928,42.333175],[14.093652,42.333222],[14.093363,42.333242],[14.09312,42.333258],[14.092825,42.333274],[14.092522,42.333262],[14.09224,42.333251],[14.091992,42.333209],[14.09174,42.333193],[14.09147,42.3332],[14.091224,42.333234],[14.090673,42.333315],[14.090439,42.333363],[14.090201,42.333447],[14.089906,42.333507],[14.089565,42.333554],[14.089234,42.333606],[14.088961,42.33363],[14.088675,42.333628],[14.08836,42.333599],[14.087939,42.33355],[14.087521,42.33347],[14.087213,42.333391],[14.086895,42.333357],[14.086491,42.333354],[14.085877,42.333264],[14.085598,42.333257],[14.085344,42.333174],[14.085062,42.332951],[14.084912,42.332806],[14.084757,42.332642],[14.084371,42.332284],[14.084213,42.332102],[14.084058,42.331912],[14.083933,42.331735],[14.083747,42.331545],[14.083592,42.331377],[14.083415,42.331236],[14.082993,42.331016],[14.082812,42.330983],[14.082649,42.330896],[14.082383,42.331223],[14.082152,42.331316],[14.082061,42.331491],[14.081841,42.331579],[14.081607,42.331627],[14.081371,42.331782],[14.081175,42.331916],[14.08093,42.332044],[14.080662,42.332146],[14.08042,42.332256],[14.080137,42.332358],[14.079877,42.332455],[14.07963,42.332583],[14.079407,42.332667],[14.079169,42.332742],[14.079114,42.332962],[14.079233,42.333156],[14.079403,42.333387],[14.079384,42.333594],[14.079519,42.333749],[14.079766,42.333868],[14.079985,42.333996],[14.080153,42.334154],[14.080287,42.334354],[14.080387,42.334544],[14.080472,42.334742],[14.080661,42.334938],[14.080844,42.33507],[14.081096,42.335234],[14.081331,42.335393],[14.081511,42.335521],[14.081788,42.335681],[14.081974,42.335795],[14.082272,42.33595],[14.082482,42.336118],[14.083512,42.337081],[14.084141,42.337631],[14.08486,42.338312],[14.085761,42.33913],[14.086475,42.340149],[14.086455,42.341504],[14.086342,42.343057],[14.085777,42.344335],[14.084845,42.345616],[14.084287,42.346422],[14.083823,42.347026],[14.08244,42.347551],[14.082316,42.347541],[14.08207,42.347584],[14.08184,42.347731],[14.081504,42.347849],[14.081242,42.347906],[14.080976,42.348034],[14.080762,42.348163],[14.080563,42.348315],[14.08019,42.348694],[14.080005,42.349062],[14.079861,42.34921],[14.079716,42.349357],[14.079417,42.349458],[14.079115,42.349573],[14.078774,42.349854],[14.078565,42.349987],[14.07837,42.350098],[14.078065,42.350181],[14.077746,42.350197],[14.07745,42.350118],[14.077105,42.350034],[14.076757,42.349964],[14.076506,42.349881],[14.076197,42.349838],[14.075887,42.349903],[14.075586,42.349905],[14.075292,42.349866],[14.075035,42.349806],[14.074763,42.349713],[14.074496,42.349707],[14.074253,42.349759],[14.073978,42.349865],[14.073779,42.349989],[14.073519,42.350149],[14.07334,42.350301],[14.073135,42.350448],[14.072826,42.350598],[14.072553,42.35079],[14.072405,42.350955],[14.07229,42.35113],[14.072278,42.351355],[14.07228,42.351584],[14.072325,42.351837],[14.072391,42.352112],[14.072465,42.352464],[14.072466,42.352757],[14.072436,42.352995],[14.07231,42.353269],[14.072089,42.353411],[14.071918,42.35354],[14.071737,42.353669],[14.071493,42.353748],[14.071201,42.353796],[14.070963,42.353825],[14.070683,42.353908],[14.070433,42.353997],[14.070176,42.354093],[14.069858,42.354068],[14.06954,42.354007],[14.069234,42.353942],[14.068916,42.353903],[14.06855,42.353828],[14.068311,42.353768],[14.068017,42.353743],[14.067701,42.353794],[14.067475,42.353891],[14.06714,42.353947],[14.066889,42.353869],[14.0667,42.353728],[14.066511,42.353591],[14.066306,42.353454],[14.06609,42.353286],[14.065858,42.353194],[14.065632,42.353057],[14.065538,42.352858],[14.065457,42.352623],[14.065372,42.352424],[14.065191,42.351941],[14.065063,42.351764],[14.064838,42.351573],[14.064573,42.351423],[14.064356,42.351295],[14.064155,42.351181],[14.063847,42.351052],[14.063161,42.350826],[14.062855,42.350792],[14.06251,42.350757],[14.062137,42.350705],[14.061804,42.350675],[14.061476,42.350668],[14.061212,42.350675],[14.060914,42.350704],[14.060671,42.350733],[14.060434,42.350763],[14.060193,42.350806],[14.059965,42.350872],[14.059742,42.350955],[14.059488,42.351079],[14.059252,42.351208],[14.059117,42.351356],[14.058943,42.351588],[14.058834,42.351763],[14.058731,42.351974],[14.058582,42.35218],[14.058413,42.352313],[14.058211,42.352442],[14.05815,42.352689],[14.058178,42.353009],[14.058148,42.353225],[14.058063,42.353405],[14.058002,42.353634],[14.057752,42.354105],[14.057647,42.354419],[14.05762,42.354603],[14.057531,42.354855],[14.057389,42.35502],[14.057132,42.355153],[14.056876,42.355219],[14.056648,42.355298],[14.056366,42.355453],[14.056054,42.355626],[14.055848,42.355768],[14.055791,42.355966],[14.055831,42.356147],[14.055894,42.356345],[14.055976,42.356539],[14.056088,42.356761],[14.056242,42.357019],[14.05639,42.357277],[14.056536,42.357494],[14.056735,42.357775],[14.056874,42.358006],[14.057031,42.358304],[14.057211,42.358621],[14.057344,42.358879],[14.057471,42.359105],[14.057655,42.35939],[14.057774,42.359562],[14.057893,42.359721],[14.058012,42.359884],[14.058219,42.360214],[14.058418,42.360504],[14.058513,42.360694],[14.058452,42.360869],[14.058404,42.361044],[14.058344,42.361251],[14.058273,42.361493],[14.058071,42.362028],[14.058,42.36232],[14.05787,42.362895],[14.057823,42.363187],[14.057791,42.363475],[14.057739,42.363745],[14.057665,42.364024],[14.057566,42.364333],[14.057455,42.364643],[14.05735,42.364958],[14.057258,42.365258],[14.057187,42.365542],[14.057131,42.36578],[14.057067,42.366013],[14.057009,42.366261],[14.056938,42.366539],[14.056849,42.366768],[14.056788,42.366993],[14.056763,42.367254],[14.056784,42.367515],[14.056789,42.367772],[14.056765,42.367947],[14.056735,42.368149],[14.056692,42.368527],[14.056691,42.36882],[14.056702,42.369081],[14.05674,42.369424],[14.056752,42.369645],[14.056755,42.370032],[14.056823,42.370375],[14.056879,42.370677],[14.056917,42.370947],[14.056979,42.371263],[14.057046,42.371718],[14.057056,42.372006],[14.057095,42.37229],[14.057198,42.372498],[14.057308,42.37267],[14.057462,42.37287],[14.057603,42.373029],[14.057794,42.373255],[14.057997,42.373473],[14.058149,42.373659],[14.058274,42.373831],[14.05848,42.374049],[14.058702,42.374267],[14.05889,42.374462],[14.059066,42.374666],[14.059194,42.374829],[14.059326,42.374983],[14.059492,42.375219],[14.059608,42.375405],[14.059759,42.375631],[14.059881,42.375799],[14.059978,42.376024],[14.06013,42.376242],[14.060308,42.376473],[14.060499,42.376695],[14.0607,42.376886],[14.06103,42.377186],[14.061328,42.377535],[14.061517,42.377717],[14.061663,42.377893],[14.061778,42.378106],[14.061906,42.378296],[14.062073,42.378505],[14.062234,42.378659],[14.062453,42.378837],[14.062728,42.378983],[14.062964,42.379034],[14.063239,42.379095],[14.06354,42.379291],[14.063747,42.379446],[14.063975,42.37961],[14.064246,42.379806],[14.064559,42.380006],[14.064814,42.380162],[14.065007,42.38028],[14.06526,42.380399],[14.065502,42.380505],[14.065807,42.380611],[14.066076,42.380667],[14.066416,42.380711],[14.066717,42.380686],[14.066952,42.380625],[14.067245,42.380695],[14.067471,42.380823],[14.067661,42.380937],[14.067989,42.381124],[14.068239,42.381221],[14.068797,42.381122],[14.069057,42.381155],[14.069322,42.381139],[14.069542,42.381011],[14.069678,42.380841],[14.069904,42.380775],[14.07019,42.380719],[14.070429,42.380613],[14.070698,42.380448],[14.070943,42.380347],[14.071245,42.38025],[14.07159,42.380145],[14.071934,42.380044],[14.072279,42.379934],[14.072563,42.379819],[14.072805,42.379677],[14.07302,42.379521],[14.073255,42.379411],[14.07354,42.379246],[14.073731,42.379095],[14.073969,42.379025],[14.074309,42.379005],[14.07457,42.378994],[14.074839,42.378874],[14.075039,42.378741],[14.075199,42.37858],[14.075259,42.378378],[14.075568,42.378236],[14.075773,42.378121],[14.075928,42.377942],[14.076049,42.377754],[14.076179,42.377588],[14.076345,42.377454],[14.076593,42.377294],[14.076905,42.377175],[14.077167,42.377096],[14.077721,42.377015],[14.078022,42.376977],[14.078274,42.376957],[14.078546,42.376882],[14.078784,42.376758],[14.079068,42.376648],[14.07934,42.376533],[14.079636,42.376418],[14.079909,42.37629],[14.080174,42.376179],[14.080379,42.376078],[14.080534,42.375903],[14.080733,42.375743],[14.08105,42.37566],[14.081292,42.375535],[14.081534,42.375416],[14.081842,42.375306],[14.082065,42.375235],[14.082285,42.375116],[14.082443,42.375099],[14.082668,42.375123],[14.083033,42.375072],[14.08319,42.37492],[14.083522,42.374801],[14.083824,42.374763],[14.084097,42.37472],[14.084303,42.374551],[14.084584,42.374459],[14.08484,42.374416],[14.085086,42.3744],[14.085316,42.374478],[14.085517,42.374588],[14.085731,42.374697],[14.086001,42.374736],[14.086245,42.37467],[14.086567,42.374664],[14.086862,42.374639],[14.087143,42.37452],[14.08743,42.374427],[14.087663,42.374488],[14.087904,42.374607],[14.088124,42.374694],[14.088398,42.374642],[14.088621,42.374567],[14.088856,42.374461],[14.08915,42.374482],[14.089483,42.374574],[14.08985,42.3746],[14.090124,42.374525],[14.090447,42.374469],[14.090814,42.37449],[14.091038,42.37456],[14.091289,42.374652],[14.091588,42.374735],[14.091915,42.374823],[14.092181,42.374879],[14.092426,42.374922],[14.092675,42.374982],[14.092907,42.375043],[14.093134,42.375103],[14.093498,42.375169],[14.093867,42.37528],[14.094204,42.375436],[14.094543,42.375546],[14.094773,42.375607],[14.095072,42.375731],[14.095349,42.375868],[14.095581,42.375969],[14.095876,42.375994],[14.096158,42.376014],[14.096405,42.376151],[14.096625,42.376279],[14.09693,42.376335],[14.097226,42.376261],[14.097455,42.376191],[14.097693,42.376301],[14.097927,42.376474],[14.098292,42.37649],[14.098623,42.376452],[14.09894,42.376554],[14.099013,42.376811],[14.099025,42.377036],[14.099273,42.377088],[14.099497,42.377166],[14.09971,42.377285],[14.099881,42.37743],[14.100088,42.377652],[14.100316,42.377816],[14.100552,42.377899],[14.100873,42.377983],[14.101239,42.378076],[14.101523,42.378163],[14.101777,42.378219],[14.102016,42.378271],[14.102268,42.3783],[14.102566,42.378442],[14.102719,42.378835],[14.102936,42.378936],[14.103178,42.379014],[14.103408,42.379074],[14.103634,42.379144],[14.103897,42.37929],[14.104415,42.379559],[14.104623,42.37966],[14.105022,42.379789],[14.105286,42.379845],[14.105547,42.380019],[14.105593,42.380199],[14.105893,42.380233],[14.106183,42.380339],[14.106341,42.380583],[14.10686,42.380821],[14.106981,42.381088],[14.107057,42.381291],[14.10734,42.381262],[14.107598,42.38121],[14.108131,42.381124],[14.108437,42.381158],[14.108685,42.381277],[14.108943,42.381436],[14.109252,42.381538],[14.109927,42.381489],[14.110206,42.381514],[14.110515,42.381539],[14.110827,42.381591],[14.11105,42.3817],[14.111299,42.381905],[14.111579,42.382087],[14.111824,42.382202],[14.112065,42.382343],[14.112349,42.38244],[14.112615,42.38251],[14.113233,42.382636],[14.113475,42.382701],[14.113722,42.382811],[14.113994,42.382885],[14.114301,42.382919],[14.114592,42.382917],[14.114874,42.382973],[14.115063,42.383105],[14.11513,42.383349],[14.11503,42.383555],[14.114897,42.383716],[14.114782,42.383895],[14.114681,42.384412],[14.114669,42.384615],[14.114631,42.38488],[14.11461,42.385141],[14.114567,42.385771],[14.114563,42.386064],[14.11458,42.386402],[14.114601,42.386618],[14.114613,42.38683],[14.114646,42.387069],[14.114686,42.387263],[14.114728,42.387547],[14.114746,42.387763],[14.114783,42.38811],[14.114843,42.388439],[14.114918,42.388723],[14.114991,42.388922],[14.115006,42.389125],[14.114915,42.389327],[14.1148,42.389492],[14.114671,42.389649],[14.114308,42.389975],[14.114166,42.390145],[14.113962,42.390355],[14.113768,42.39056],[14.113568,42.390748],[14.113414,42.3909],[14.113247,42.391074],[14.113035,42.39128],[14.112826,42.391463],[14.112645,42.391605],[14.112485,42.391744],[14.112358,42.391918],[14.112437,42.392095],[14.112701,42.39216],[14.11307,42.39228],[14.113406,42.392341],[14.113673,42.392374],[14.113979,42.392426],[14.114218,42.392478],[14.114484,42.392525],[14.11477,42.392527],[14.115037,42.392534],[14.115386,42.392563],[14.115711,42.392597],[14.115977,42.392626],[14.116287,42.392674],[14.116595,42.392735],[14.116925,42.392818],[14.117249,42.392884],[14.117574,42.392949],[14.117869,42.393109],[14.118013,42.393263],[14.118092,42.39344],[14.118251,42.393585],[14.118419,42.39373],[14.118638,42.393908],[14.118812,42.394058],[14.11925,42.394255],[14.119458,42.394364],[14.119635,42.394519],[14.119767,42.394682],[14.119922,42.394854],[14.120102,42.395045],[14.120278,42.39528],[14.120408,42.395475],[14.120517,42.395723],[14.120611,42.395981],[14.120735,42.396243],[14.12079,42.396437],[14.120884,42.396663],[14.121055,42.396821],[14.121266,42.396954],[14.121541,42.397059],[14.121801,42.397151],[14.122027,42.397248],[14.12235,42.397394],[14.12264,42.397536],[14.122869,42.397668],[14.123064,42.397796],[14.123336,42.397897],[14.123602,42.398007],[14.124093,42.398281],[14.124357,42.398315],[14.12466,42.398367],[14.124648,42.398551],[14.124452,42.398685],[14.124277,42.398823],[14.124138,42.399024],[14.124129,42.399033],[14.124116,42.399047],[14.12389,42.399144],[14.123658,42.399214],[14.123391,42.39923],[14.123144,42.399237],[14.122889,42.399258],[14.122597,42.399296],[14.122341,42.399339],[14.122133,42.399482],[14.12183,42.399862],[14.121742,42.400033],[14.121627,42.400225],[14.121451,42.400409],[14.121297,42.400592],[14.121152,42.40074],[14.120973,42.400936],[14.120831,42.401115],[14.120608,42.401384],[14.120393,42.40158],[14.120224,42.401746],[14.120076,42.401911],[14.1199,42.402108],[14.119551,42.402456],[14.119376,42.402613],[14.11916,42.402827],[14.118769,42.403207],[14.118606,42.403399],[14.11827,42.403712],[14.117941,42.404002],[14.117751,42.404136],[14.117521,42.404291],[14.117115,42.404617],[14.116925,42.404751],[14.116744,42.404871],[14.11656,42.405022],[14.116354,42.405192],[14.116081,42.405348],[14.115864,42.405431],[14.115665,42.405569],[14.115571,42.40578],[14.115638,42.405961],[14.115766,42.406156],[14.115921,42.406346],[14.116071,42.406536],[14.116193,42.406695],[14.116333,42.406925],[14.116394,42.407101],[14.116455,42.407291],[14.116531,42.40749],[14.11665,42.407684],[14.116769,42.40787],[14.116908,42.408105],[14.116981,42.408326],[14.117051,42.40852],[14.117157,42.408791],[14.117353,42.408667],[14.117595,42.408538],[14.117815,42.408436],[14.118072,42.40833],[14.118369,42.40817],[14.11861,42.408055],[14.118934,42.407914],[14.119438,42.407733],[14.11971,42.407631],[14.119991,42.407525],[14.120272,42.407397],[14.120526,42.407255],[14.120793,42.407122],[14.121038,42.406939],[14.12121,42.40681],[14.121624,42.406507],[14.121796,42.406378],[14.122033,42.406213],[14.122219,42.406097],[14.122482,42.405978],[14.122742,42.405872],[14.122971,42.405774],[14.123203,42.405704],[14.123472,42.405611],[14.123716,42.405519],[14.123963,42.40544],[14.124235,42.405338],[14.124502,42.405345],[14.124772,42.405419],[14.125048,42.405439],[14.125297,42.405436],[14.125559,42.405402],[14.12589,42.405414],[14.126138,42.405461],[14.126371,42.405521],[14.126613,42.405599],[14.126843,42.405669],[14.127158,42.405752],[14.127485,42.405827],[14.127787,42.405951],[14.12804,42.406097],[14.128294,42.406202],[14.128508,42.406294],[14.128759,42.406413],[14.128982,42.406545],[14.12922,42.406686],[14.129442,42.406855],[14.129631,42.407023],[14.129833,42.407155],[14.130093,42.407247],[14.130339,42.407285],[14.130645,42.407287],[14.130937,42.407285],[14.131235,42.407283],[14.131493,42.407285],[14.131839,42.407278],[14.132137,42.407267],[14.132427,42.407215],[14.132699,42.407105],[14.132904,42.406989],[14.133103,42.406855],[14.133296,42.406708],[14.133521,42.406489],[14.133699,42.406365],[14.133947,42.406249],[14.134213,42.406143],[14.134458,42.405988],[14.134726,42.405886],[14.135019,42.405848],[14.13526,42.405764],[14.135435,42.405635],[14.13561,42.405465],[14.135848,42.405408],[14.136106,42.405419],[14.136406,42.405462],[14.136938,42.405412],[14.137245,42.405446],[14.137498,42.405574],[14.137721,42.405738],[14.137956,42.405892],[14.138231,42.405976],[14.138496,42.405937],[14.13874,42.405885],[14.139077,42.405896],[14.139316,42.405975],[14.139728,42.406243],[14.139966,42.406389],[14.140252,42.406373],[14.140501,42.406389],[14.140721,42.406517],[14.140974,42.406667],[14.141243,42.406777],[14.141466,42.406887],[14.141622,42.407073],[14.141731,42.407263],[14.141853,42.407444],[14.142012,42.40762],[14.142255,42.407658],[14.142457,42.407525],[14.142731,42.407437],[14.142986,42.407515],[14.143276,42.407598],[14.143515,42.407713],[14.143713,42.407863],[14.144024,42.408005],[14.144312,42.408083],[14.144579,42.40809],[14.144895,42.408106],[14.145111,42.408251],[14.14534,42.40819],[14.145539,42.408295],[14.145857,42.408581],[14.14601,42.40874],[14.146108,42.408943],[14.146168,42.40916],[14.146346,42.409305],[14.146588,42.409393],[14.146646,42.409564],[14.146701,42.409745],[14.146811,42.410133],[14.14683,42.410336],[14.146749,42.410511],[14.146688,42.410708],[14.146679,42.410938],[14.146737,42.411118],[14.146847,42.411286],[14.146994,42.41144],[14.147152,42.411648],[14.147318,42.411789],[14.147528,42.411944],[14.147717,42.412116],[14.147886,42.412244],[14.148051,42.412402],[14.148341,42.412756],[14.148493,42.412928],[14.148664,42.413105],[14.148798,42.4133],[14.14893,42.413454],[14.149206,42.413429],[14.149421,42.413529],[14.149694,42.413572],[14.149946,42.41356],[14.150121,42.413688],[14.150267,42.413846],[14.15017,42.414039],[14.150345,42.41418],[14.15061,42.414146],[14.150853,42.414089],[14.151092,42.414186],[14.151302,42.414358],[14.151592,42.4145],[14.151836,42.414475],[14.152106,42.414481],[14.152314,42.414618],[14.152424,42.414799],[14.1524,42.415231],[14.152571,42.415372],[14.152829,42.415369],[14.153106,42.415367],[14.15336,42.415436],[14.153547,42.415577],[14.153745,42.415988],[14.153912,42.416188],[14.154145,42.416279],[14.154381,42.416331],[14.154681,42.4164],[14.154895,42.416542],[14.154995,42.416741],[14.155062,42.416953],[14.155154,42.417129],[14.155304,42.417274],[14.155573,42.417384],[14.155826,42.41735],[14.15604,42.417221],[14.156197,42.417083],[14.156472,42.416959]]]]}},
{"type":"Feature","properties":{"id":184,"codice_istat":68022,"nome":"Manoppello","codice_pro":68,"codice_reg":13,"codice_cm":"l","codice_catastale":"E892"},"geometry":{"type":"MultiPolygon","coordinates":[[[[14.082247,42.327651],[14.082298,42.327471],[14.082426,42.327252],[14.082453,42.327036],[14.082332,42.326837],[14.082213,42.326674],[14.082121,42.326502],[14.082066,42.326326],[14.08206,42.326128],[14.082093,42.32593],[14.082172,42.325755],[14.082357,42.325527],[14.082534,42.325492],[14.082886,42.325463],[14.083172,42.325421],[14.083336,42.325201],[14.083457,42.325004],[14.083424,42.324797],[14.083217,42.324615],[14.083125,42.32443],[14.083153,42.324209],[14.083202,42.323728],[14.083318,42.323531],[14.083405,42.323338],[14.083387,42.323139],[14.083311,42.322936],[14.083137,42.322809],[14.083024,42.322619],[14.082967,42.322389],[14.082933,42.32219],[14.082912,42.321978],[14.082951,42.321794],[14.083039,42.32161],[14.083218,42.321368],[14.083382,42.321167],[14.083529,42.320903],[14.083632,42.320705],[14.083689,42.320512],[14.083695,42.320319],[14.083542,42.320164],[14.083458,42.319947],[14.083519,42.319678],[14.083358,42.319474],[14.083132,42.319373],[14.083013,42.319201],[14.082852,42.319024],[14.082816,42.318812],[14.082939,42.318642],[14.08313,42.318508],[14.083247,42.318329],[14.083327,42.318096],[14.083488,42.31784],[14.083637,42.317625],[14.083758,42.317424],[14.083879,42.317267],[14.084021,42.317097],[14.084172,42.3169],[14.084287,42.316739],[14.084482,42.316268],[14.084516,42.316007],[14.084543,42.315782],[14.084555,42.31557],[14.08454,42.315152],[14.084541,42.314922],[14.084498,42.314692],[14.084435,42.314489],[14.084402,42.314227],[14.084447,42.313863],[14.084495,42.313683],[14.084585,42.313508],[14.084728,42.313302],[14.084898,42.313092],[14.085049,42.312927],[14.0853,42.312767],[14.08556,42.312607],[14.085714,42.312455],[14.085922,42.312326],[14.086154,42.31226],[14.08637,42.312181],[14.086632,42.312124],[14.086926,42.312131],[14.087226,42.312116],[14.087479,42.312059],[14.087714,42.311971],[14.087959,42.311833],[14.088203,42.311709],[14.088405,42.311589],[14.088635,42.311429],[14.088807,42.311268],[14.088967,42.311076],[14.089094,42.310892],[14.089216,42.310677],[14.089364,42.310503],[14.089545,42.310346],[14.089769,42.310204],[14.090279,42.309942],[14.090481,42.309791],[14.090702,42.309613],[14.090884,42.309443],[14.091063,42.309179],[14.091227,42.308964],[14.091436,42.308781],[14.091742,42.30863],[14.09194,42.308524],[14.092198,42.308359],[14.092367,42.308185],[14.092467,42.307938],[14.092486,42.307695],[14.092329,42.307473],[14.092076,42.307341],[14.091814,42.307221],[14.091667,42.307076],[14.091533,42.306913],[14.091472,42.306696],[14.091563,42.306503],[14.091714,42.30632],[14.091835,42.30615],[14.091993,42.305944],[14.092189,42.305774],[14.092343,42.305632],[14.092549,42.305453],[14.092702,42.305306],[14.092874,42.305168],[14.093013,42.305016],[14.093173,42.304864],[14.093321,42.304703],[14.093823,42.304175],[14.094099,42.303939],[14.094385,42.303703],[14.09463,42.303497],[14.094854,42.303333],[14.095059,42.303208],[14.095339,42.30312],[14.095634,42.303064],[14.095975,42.303017],[14.096221,42.302974],[14.096577,42.302882],[14.096821,42.302817],[14.09712,42.30267],[14.097393,42.302673],[14.097658,42.30276],[14.097994,42.30283],[14.098318,42.302842],[14.098625,42.302813],[14.098871,42.302792],[14.099178,42.302763],[14.09951,42.302671],[14.099781,42.302601],[14.100377,42.302453],[14.100692,42.302311],[14.100912,42.3022],[14.101156,42.302045],[14.101396,42.301853],[14.101438,42.301673],[14.101326,42.301407],[14.101177,42.301225],[14.101004,42.301053],[14.100947,42.300809],[14.10094,42.300607],[14.100968,42.300368],[14.101049,42.300198],[14.101277,42.299988],[14.101548,42.299877],[14.102157,42.299729],[14.102459,42.299614],[14.102719,42.299477],[14.10292,42.29937],[14.103451,42.299158],[14.103826,42.298999],[14.104095,42.298844],[14.104596,42.298618],[14.104913,42.298526],[14.105183,42.298479],[14.105426,42.298431],[14.105746,42.298316],[14.106058,42.298197],[14.106283,42.298104],[14.106503,42.298012],[14.106714,42.297905],[14.107001,42.297718],[14.107228,42.29758],[14.10746,42.297479],[14.107792,42.297382],[14.108093,42.29729],[14.108389,42.29718],[14.108663,42.297069],[14.108886,42.296981],[14.1091,42.296883],[14.109356,42.296773],[14.109606,42.296658],[14.109965,42.296386],[14.110155,42.296257],[14.110324,42.296114],[14.11046,42.295935],[14.110716,42.295599],[14.110915,42.295461],[14.111145,42.295287],[14.111362,42.295181],[14.1116,42.295043],[14.111745,42.294873],[14.111812,42.294658],[14.11186,42.294442],[14.111939,42.294235],[14.112105,42.294052],[14.112193,42.293855],[14.112208,42.293657],[14.112168,42.293463],[14.112099,42.293223],[14.11208,42.293034],[14.112016,42.292849],[14.111907,42.292659],[14.111859,42.292407],[14.111813,42.292208],[14.111686,42.291941],[14.111567,42.291774],[14.11144,42.291588],[14.111314,42.291434],[14.111074,42.291279],[14.110818,42.291165],[14.110576,42.291136],[14.110315,42.291147],[14.11007,42.291109],[14.109812,42.291103],[14.109562,42.291159],[14.109285,42.291261],[14.108999,42.291358],[14.108691,42.291432],[14.108108,42.291486],[14.107874,42.291525],[14.107628,42.291541],[14.107313,42.291574],[14.107037,42.291586],[14.106758,42.291579],[14.106437,42.291549],[14.106186,42.291502],[14.105965,42.29142],[14.105715,42.291301],[14.10549,42.291177],[14.105222,42.291009],[14.105064,42.290859],[14.104884,42.290718],[14.104732,42.290541],[14.104591,42.290369],[14.104463,42.290197],[14.104345,42.290011],[14.10416,42.289821],[14.104114,42.289618],[14.103962,42.289405],[14.103968,42.28918],[14.104113,42.289019],[14.104301,42.288813],[14.10432,42.288529],[14.10432,42.288336],[14.104332,42.288115],[14.104314,42.287881],[14.104251,42.28766],[14.104175,42.287412],[14.104169,42.287222],[14.104174,42.286862],[14.104141,42.286659],[14.104076,42.286483],[14.103961,42.286064],[14.103955,42.285865],[14.103943,42.285627],[14.103925,42.285415],[14.103894,42.28523],[14.103858,42.285009],[14.103821,42.284829],[14.103754,42.284617],[14.10356,42.284439],[14.103367,42.284312],[14.103114,42.284247],[14.102879,42.284087],[14.102737,42.283893],[14.102535,42.283751],[14.102196,42.283713],[14.10196,42.283679],[14.101728,42.283601],[14.101487,42.283491],[14.10121,42.283336],[14.100924,42.283216],[14.100686,42.283138],[14.100391,42.282951],[14.100174,42.28285],[14.099875,42.282794],[14.099585,42.282724],[14.099313,42.282618],[14.099084,42.28254],[14.098764,42.28243],[14.098486,42.282378],[14.098226,42.282295],[14.097967,42.282185],[14.097668,42.282106],[14.097344,42.28213],[14.09704,42.282164],[14.096748,42.282189],[14.096484,42.2822],[14.09622,42.282225],[14.095965,42.282259],[14.095695,42.282284],[14.095432,42.282219],[14.095219,42.282077],[14.094917,42.281796],[14.094655,42.281618],[14.094436,42.281495],[14.094159,42.281376],[14.093942,42.281275],[14.093688,42.281187],[14.093212,42.281012],[14.092979,42.280947],[14.09264,42.280918],[14.092337,42.280906],[14.09208,42.280891],[14.091829,42.280844],[14.09159,42.280783],[14.091325,42.280682],[14.091117,42.280545],[14.090932,42.2804],[14.090685,42.280249],[14.090447,42.280121],[14.090231,42.279994],[14.089987,42.279888],[14.089688,42.279836],[14.089411,42.279866],[14.089083,42.279917],[14.088786,42.279901],[14.088532,42.279859],[14.088291,42.279789],[14.087995,42.279706],[14.087702,42.279622],[14.087395,42.279678],[14.087037,42.279644],[14.086811,42.279543],[14.08662,42.279348],[14.086392,42.279211],[14.086112,42.279078],[14.085987,42.278902],[14.085886,42.27873],[14.085883,42.27855],[14.085803,42.278621],[14.08556,42.278628],[14.08527,42.278594],[14.085029,42.278502],[14.084904,42.278335],[14.084882,42.277974],[14.08476,42.277802],[14.084712,42.27755],[14.084663,42.277342],[14.084592,42.277071],[14.084492,42.276863],[14.084376,42.276678],[14.084285,42.276447],[14.084283,42.276213],[14.084289,42.275997],[14.084329,42.275732],[14.084444,42.275544],[14.084525,42.275355],[14.084617,42.275122],[14.084645,42.274865],[14.084831,42.274741],[14.084907,42.274566],[14.084883,42.27434],[14.085007,42.274166],[14.085061,42.273991],[14.085045,42.273783],[14.085042,42.273576],[14.085049,42.273329],[14.085209,42.273145],[14.085333,42.272953],[14.08532,42.272624],[14.085281,42.272385],[14.085257,42.27216],[14.085238,42.271984],[14.085384,42.271751],[14.085426,42.271553],[14.085403,42.271305],[14.085357,42.271089],[14.085351,42.270904],[14.085333,42.270688],[14.085263,42.270489],[14.08526,42.270291],[14.085141,42.270114],[14.085071,42.269934],[14.084989,42.269703],[14.084852,42.269545],[14.084749,42.269323],[14.084731,42.269147],[14.084691,42.26894],[14.084628,42.268687],[14.084601,42.268475],[14.084629,42.26821],[14.084756,42.268035],[14.084656,42.267778],[14.084489,42.267646],[14.084418,42.267461],[14.084373,42.267249],[14.084233,42.267072],[14.084279,42.266843],[14.084285,42.266609],[14.084252,42.266419],[14.084194,42.266198],[14.084246,42.266005],[14.084291,42.265821],[14.084353,42.265515],[14.08438,42.265308],[14.084389,42.265124],[14.084401,42.264872],[14.084316,42.264668],[14.084124,42.264559],[14.08388,42.264458],[14.083664,42.264307],[14.083475,42.264189],[14.083256,42.264034],[14.083213,42.263831],[14.083193,42.263552],[14.083145,42.263294],[14.083067,42.263006],[14.082997,42.26282],[14.083076,42.262655],[14.083194,42.262426],[14.083312,42.262247],[14.083408,42.262076],[14.083454,42.261865],[14.083447,42.261685],[14.08345,42.2615],[14.083453,42.261298],[14.083398,42.261117],[14.083282,42.260945],[14.083071,42.260844],[14.082908,42.260649],[14.082804,42.260468],[14.082723,42.260247],[14.082763,42.259973],[14.08283,42.259762],[14.082802,42.259568],[14.082545,42.25953],[14.082411,42.259362],[14.082494,42.258885],[14.082587,42.258711],[14.082803,42.258424],[14.082777,42.25819],[14.0827,42.258018],[14.082577,42.25772],[14.082474,42.257543],[14.082282,42.257362],[14.082179,42.257149],[14.082155,42.256955],[14.082173,42.256735],[14.082128,42.25655],[14.081933,42.256391],[14.081646,42.256321],[14.081355,42.256305],[14.080944,42.256266],[14.08069,42.256232],[14.080454,42.256145],[14.080182,42.256116],[14.079932,42.256199],[14.079722,42.25631],[14.07946,42.256376],[14.079244,42.256234],[14.079119,42.256058],[14.078882,42.255903],[14.078563,42.255941],[14.078223,42.256023],[14.077974,42.256053],[14.077686,42.25606],[14.077451,42.255941],[14.07711,42.255591],[14.076937,42.255414],[14.076684,42.255304],[14.076452,42.255244],[14.076204,42.255219],[14.075958,42.255217],[14.075712,42.255089],[14.075576,42.254854],[14.075705,42.254697],[14.075896,42.254519],[14.076017,42.254303],[14.076023,42.254105],[14.075966,42.253884],[14.076072,42.253669],[14.076343,42.253599],[14.07652,42.253452],[14.07662,42.253264],[14.076762,42.253107],[14.077018,42.252965],[14.077032,42.252668],[14.07693,42.252406],[14.076866,42.252176],[14.077074,42.252083],[14.077365,42.252045],[14.077443,42.251879],[14.077425,42.251694],[14.077491,42.251497],[14.077628,42.251295],[14.077652,42.251052],[14.077477,42.250596],[14.077566,42.250362],[14.07769,42.25017],[14.077537,42.250006],[14.077346,42.249834],[14.077156,42.249585],[14.077058,42.249399],[14.076934,42.249214],[14.076794,42.249055],[14.076731,42.248987],[14.076706,42.248843],[14.0766,42.248653],[14.076333,42.248209],[14.076212,42.248019],[14.076069,42.247824],[14.075795,42.247498],[14.07547,42.247139],[14.075322,42.246895],[14.07524,42.246714],[14.075179,42.246529],[14.07511,42.246286],[14.07508,42.246051],[14.075071,42.245848],[14.075092,42.245659],[14.075171,42.245408],[14.075271,42.245211],[14.075365,42.245022],[14.075426,42.244789],[14.075465,42.244573],[14.075487,42.244343],[14.075496,42.24415],[14.075465,42.243956],[14.075408,42.243735],[14.075348,42.243464],[14.075276,42.243225],[14.075185,42.242995],[14.075097,42.242809],[14.074988,42.242628],[14.074885,42.24242],[14.074747,42.242262],[14.074657,42.242045],[14.074609,42.24181],[14.074563,42.24163],[14.074329,42.241452],[14.074067,42.241346],[14.073695,42.241285],[14.073428,42.241305],[14.07313,42.241208],[14.072969,42.241],[14.072918,42.24077],[14.072788,42.240571],[14.072855,42.240287],[14.073007,42.240095],[14.073206,42.239917],[14.073321,42.239751],[14.073432,42.239567],[14.073574,42.239402],[14.073704,42.239236],[14.073934,42.239031],[14.074052,42.23887],[14.074142,42.238677],[14.074305,42.238503],[14.074475,42.238283],[14.07453,42.238059],[14.074509,42.237829],[14.074491,42.237621],[14.074579,42.237411],[14.07461,42.237177],[14.074549,42.236983],[14.074492,42.236707],[14.074505,42.236464],[14.074554,42.236235],[14.074572,42.236006],[14.074624,42.235772],[14.074748,42.235606],[14.074905,42.235414],[14.075002,42.235208],[14.075078,42.235001],[14.075171,42.234808],[14.075317,42.234584],[14.07543,42.234351],[14.075441,42.234171],[14.0754,42.233909],[14.075284,42.233746],[14.075095,42.233614],[14.075074,42.233357],[14.075328,42.232815],[14.075443,42.232617],[14.075515,42.232411],[14.075546,42.232195],[14.075513,42.23197],[14.075417,42.231703],[14.075347,42.231509],[14.075192,42.231341],[14.075021,42.231187],[14.074873,42.231001],[14.074562,42.230886],[14.074249,42.230784],[14.074061,42.230589],[14.073942,42.23039],[14.073827,42.230227],[14.073575,42.230058],[14.073413,42.229908],[14.07328,42.229727],[14.073089,42.229496],[14.072891,42.229364],[14.072691,42.229177],[14.07264,42.228916],[14.072605,42.22865],[14.072594,42.228362],[14.072655,42.228105],[14.072828,42.227859],[14.073101,42.227636],[14.073422,42.227409],[14.073591,42.22728],[14.073745,42.227124],[14.073851,42.226922],[14.073932,42.226751],[14.074027,42.226441],[14.074201,42.2262],[14.074425,42.225945],[14.074632,42.225703],[14.074793,42.22548],[14.074881,42.22526],[14.074824,42.224962],[14.074615,42.224789],[14.074438,42.224639],[14.074372,42.224404],[14.074434,42.22413],[14.07453,42.223937],[14.074646,42.223731],[14.074881,42.223368],[14.07496,42.223171],[14.074948,42.222955],[14.07483,42.222711],[14.074624,42.222515],[14.07451,42.222235],[14.07449,42.221938],[14.074539,42.221686],[14.074724,42.221435],[14.074786,42.221188],[14.074679,42.221021],[14.074722,42.220778],[14.074717,42.220494],[14.074775,42.220261],[14.0749,42.219978],[14.075022,42.219749],[14.075114,42.219448],[14.075069,42.219241],[14.075058,42.218943],[14.075128,42.218692],[14.075192,42.218436],[14.07525,42.217999],[14.075345,42.217703],[14.075427,42.217532],[14.075378,42.217325],[14.075509,42.217105],[14.075759,42.216932],[14.075863,42.216721],[14.075824,42.216482],[14.075802,42.216297],[14.075872,42.2161],[14.076002,42.215903],[14.076107,42.21571],[14.076142,42.215444],[14.076056,42.215259],[14.075968,42.215065],[14.076026,42.214845],[14.076153,42.214661],[14.07624,42.214495],[14.076104,42.214282],[14.075938,42.214448],[14.075748,42.214622],[14.075561,42.214778],[14.075383,42.21492],[14.075027,42.21526],[14.074858,42.215434],[14.074543,42.21581],[14.074232,42.216181],[14.074084,42.216373],[14.073917,42.216579],[14.073729,42.216785],[14.073544,42.216995],[14.073339,42.2172],[14.072881,42.21762],[14.072651,42.217834],[14.072411,42.218044],[14.072193,42.218258],[14.071984,42.218491],[14.071787,42.218687],[14.071618,42.218871],[14.071446,42.219049],[14.071267,42.219223],[14.070933,42.219522],[14.070767,42.219661],[14.070461,42.219897],[14.07017,42.220097],[14.069871,42.220293],[14.069711,42.220427],[14.069377,42.220726],[14.069214,42.220886],[14.069026,42.221069],[14.068815,42.221225],[14.068392,42.221528],[14.067958,42.221795],[14.067591,42.22203],[14.067251,42.222284],[14.067077,42.222427],[14.06678,42.222632],[14.066471,42.22285],[14.066183,42.223019],[14.065927,42.22317],[14.065731,42.223299],[14.065483,42.223459],[14.065248,42.223583],[14.065004,42.223689],[14.064793,42.223827],[14.064594,42.224001],[14.064392,42.224152],[14.064226,42.224291],[14.064066,42.224429],[14.063798,42.224566],[14.063565,42.224713],[14.063327,42.224896],[14.063203,42.225066],[14.063006,42.225276],[14.062834,42.225459],[14.062664,42.225629],[14.062484,42.225762],[14.062263,42.225918],[14.062137,42.226079],[14.061937,42.226253],[14.061771,42.226418],[14.061674,42.226634],[14.061439,42.226726],[14.061196,42.226828],[14.061024,42.226975],[14.060966,42.227402],[14.060918,42.227591],[14.060778,42.227842],[14.060636,42.228026],[14.060416,42.228132],[14.060187,42.228265],[14.059925,42.228375],[14.059738,42.228514],[14.059644,42.228693],[14.059599,42.228895],[14.059538,42.229079],[14.059361,42.22937],[14.059096,42.229508],[14.05885,42.229569],[14.058357,42.229691],[14.058131,42.229793],[14.057909,42.229903],[14.057655,42.230018],[14.057423,42.230129],[14.057197,42.230276],[14.057013,42.230432],[14.056925,42.23062],[14.056859,42.230836],[14.056833,42.231106],[14.056782,42.231322],[14.056729,42.231569],[14.056562,42.231838],[14.056375,42.231994],[14.056278,42.232177],[14.056199,42.232397],[14.056168,42.232631],[14.056169,42.232811],[14.056105,42.233009],[14.055972,42.233224],[14.055817,42.233407],[14.055341,42.233885],[14.055131,42.234113],[14.05497,42.234337],[14.054849,42.234561],[14.054485,42.234977],[14.054377,42.235156],[14.054298,42.235354],[14.054161,42.235803],[14.054255,42.236006],[14.054263,42.236245],[14.053995,42.236378],[14.053679,42.236416],[14.053582,42.236613],[14.053524,42.236838],[14.053451,42.23726],[14.053333,42.237462],[14.053076,42.237654],[14.052904,42.23781],[14.05271,42.238006],[14.052623,42.238177],[14.052582,42.238433],[14.052643,42.238645],[14.052703,42.238893],[14.0526,42.239104],[14.052353,42.239201],[14.052017,42.23918],[14.051717,42.239155],[14.051457,42.23914],[14.051199,42.239138],[14.050951,42.239122],[14.050665,42.239214],[14.050504,42.23942],[14.050355,42.239657],[14.050327,42.239909],[14.050331,42.240089],[14.050367,42.240288],[14.050451,42.240554],[14.050441,42.240797],[14.05039,42.240982],[14.050293,42.241156],[14.050191,42.241322],[14.05007,42.241515],[14.049964,42.241707],[14.04987,42.241896],[14.049843,42.242112],[14.04984,42.242292],[14.049753,42.242467],[14.049668,42.242646],[14.049556,42.242812],[14.049333,42.24299],[14.049173,42.243155],[14.049064,42.243335],[14.048853,42.243481],[14.048738,42.243674],[14.048717,42.243859],[14.048653,42.244038],[14.048599,42.244218],[14.048536,42.244402],[14.048454,42.24459],[14.048357,42.244797],[14.048299,42.245008],[14.048321,42.245202],[14.048387,42.245409],[14.048412,42.245608],[14.048448,42.245815],[14.048506,42.245987],[14.048563,42.246185],[14.048648,42.24642],[14.0487,42.246596],[14.048684,42.24683],[14.048686,42.247073],[14.048729,42.247294],[14.048856,42.247489],[14.049002,42.247639],[14.049106,42.247802],[14.049139,42.247982],[14.049151,42.248212],[14.049103,42.248392],[14.049036,42.248607],[14.049066,42.248819],[14.049057,42.249031],[14.04902,42.249278],[14.049016,42.249521],[14.049071,42.249711],[14.049077,42.2499],[14.04899,42.250075],[14.048887,42.250272],[14.04879,42.250483],[14.048881,42.250686],[14.048944,42.250894],[14.048993,42.251079],[14.049118,42.251247],[14.049215,42.251414],[14.049364,42.251604],[14.049433,42.251817],[14.049433,42.252055],[14.04946,42.252249],[14.049567,42.252412],[14.049467,42.252627],[14.049292,42.252775],[14.049313,42.252973],[14.049479,42.25319],[14.049564,42.253421],[14.049422,42.253604],[14.049153,42.25371],[14.048877,42.253753],[14.048636,42.253656],[14.048578,42.25348],[14.048355,42.253375],[14.048101,42.25335],[14.047823,42.253316],[14.047597,42.253238],[14.047327,42.25324],[14.04706,42.25344],[14.046774,42.253533],[14.046481,42.253449],[14.046213,42.253343],[14.045919,42.25339],[14.045678,42.253447],[14.045443,42.253346],[14.045195,42.253348],[14.044966,42.253428],[14.044781,42.253638],[14.044607,42.253762],[14.044407,42.253923],[14.044232,42.25411],[14.044083,42.254343],[14.043943,42.254576],[14.043812,42.254841],[14.043786,42.255115],[14.043901,42.255341],[14.044032,42.255523],[14.044019,42.255725],[14.043934,42.25599],[14.043826,42.256273],[14.043749,42.256592],[14.043671,42.256906],[14.043581,42.257234],[14.043562,42.257703],[14.043505,42.257909],[14.043302,42.258056],[14.042973,42.257995],[14.042635,42.257915],[14.042314,42.257881],[14.042012,42.257829],[14.041748,42.2578],[14.041466,42.25782],[14.041515,42.25801],[14.041622,42.258173],[14.041767,42.258372],[14.041889,42.258531],[14.041943,42.258743],[14.041825,42.258971],[14.041656,42.259281],[14.04156,42.25946],[14.041463,42.259639],[14.04146,42.259828],[14.041506,42.260009],[14.041527,42.260194],[14.041545,42.260423],[14.041545,42.260617],[14.041532,42.260865],[14.041638,42.261055],[14.041726,42.261267],[14.041832,42.261493],[14.041956,42.261724],[14.042108,42.261883],[14.042314,42.262087],[14.042532,42.262269],[14.042718,42.262437],[14.042788,42.262627],[14.042735,42.262923],[14.042674,42.263117],[14.042634,42.263337],[14.042738,42.263536],[14.042831,42.263744],[14.043005,42.264101],[14.043151,42.264273],[14.043321,42.264455],[14.043458,42.264623],[14.043582,42.264795],[14.043722,42.264949],[14.043799,42.265125],[14.04385,42.265337],[14.043856,42.265526],[14.043784,42.26572],[14.043702,42.265912],[14.043786,42.266156],[14.043895,42.266337],[14.044023,42.266519],[14.044196,42.266736],[14.044356,42.266945],[14.044513,42.267176],[14.044641,42.267375],[14.044771,42.267565],[14.044899,42.267719],[14.045048,42.267914],[14.045296,42.268308],[14.045418,42.268498],[14.045439,42.268701],[14.045216,42.268825],[14.044978,42.268922],[14.04472,42.268956],[14.044765,42.269199],[14.045023,42.269386],[14.045176,42.26964],[14.045352,42.27006],[14.045482,42.270264],[14.045336,42.270492],[14.04514,42.270648],[14.045074,42.270828],[14.045204,42.27104],[14.045065,42.271206],[14.045071,42.271399],[14.045186,42.27158],[14.045029,42.271773],[14.045107,42.272206],[14.045177,42.272382],[14.045347,42.272595],[14.045438,42.272762],[14.045499,42.272947],[14.045505,42.273168],[14.045433,42.273348],[14.045324,42.273509],[14.045236,42.273688],[14.045154,42.273913],[14.045093,42.274169],[14.044993,42.274353],[14.044842,42.274527],[14.044595,42.274592],[14.04435,42.274568],[14.04408,42.274575],[14.043783,42.274595],[14.043436,42.27465],[14.043166,42.274666],[14.042879,42.27465],[14.042573,42.274639],[14.042317,42.274677],[14.042062,42.274702],[14.041747,42.274681],[14.041453,42.274679],[14.041187,42.274663],[14.040905,42.274674],[14.040613,42.274712],[14.040216,42.274727],[14.039816,42.274701],[14.039482,42.274694],[14.039176,42.274718],[14.038893,42.274756],[14.038565,42.27479],[14.0384,42.274928],[14.038153,42.275025],[14.037873,42.275068],[14.037624,42.275079],[14.037323,42.275171],[14.037153,42.275345],[14.036954,42.275528],[14.03673,42.275661],[14.036491,42.275646],[14.036206,42.27563],[14.035957,42.275659],[14.035644,42.275742],[14.035456,42.27593],[14.035329,42.276127],[14.035223,42.276293],[14.035105,42.276463],[14.035002,42.276669],[14.034844,42.276857],[14.03461,42.276931],[14.034363,42.27701],[14.034126,42.277044],[14.033894,42.277168],[14.033604,42.277121],[14.033375,42.277029],[14.033087,42.277004],[14.032921,42.277178],[14.032811,42.277393],[14.03269,42.277573],[14.032529,42.277418],[14.032266,42.277375],[14.031999,42.277378],[14.031756,42.277398],[14.031447,42.277549],[14.031266,42.277696],[14.031016,42.277626],[14.030855,42.277818],[14.030715,42.278263],[14.030627,42.278451],[14.030093,42.278298],[14.029813,42.278152],[14.029683,42.27797],[14.029528,42.27778],[14.029287,42.277652],[14.028999,42.277663],[14.028705,42.277687],[14.0284,42.277761],[14.028054,42.277821],[14.027776,42.277918],[14.027548,42.278011],[14.027283,42.278081],[14.027078,42.278214],[14.026869,42.278361],[14.026616,42.278431],[14.026295,42.278464],[14.026055,42.27848],[14.025796,42.278523],[14.025529,42.278597],[14.025227,42.278671],[14.024998,42.278782],[14.024754,42.278883],[14.024518,42.279021],[14.024254,42.279095],[14.023984,42.279066],[14.023738,42.279077],[14.02339,42.279034],[14.023029,42.279049],[14.022759,42.279082],[14.022486,42.279098],[14.022319,42.279088],[14.022322,42.279286],[14.022232,42.279452],[14.02209,42.279594],[14.021981,42.279774],[14.021975,42.279976],[14.022054,42.28017],[14.022048,42.280391],[14.021996,42.280589],[14.021984,42.280782],[14.021965,42.281003],[14.021932,42.281187],[14.021916,42.281421],[14.02191,42.281624],[14.021894,42.281889],[14.021942,42.282142],[14.021996,42.282363],[14.021953,42.282561],[14.02188,42.282812],[14.021749,42.283054],[14.021622,42.283233],[14.02153,42.283444],[14.021509,42.283656],[14.021465,42.283916],[14.021432,42.284141],[14.021438,42.284344],[14.021476,42.284592],[14.021524,42.284835],[14.021569,42.28507],[14.021707,42.285778],[14.021757,42.286013],[14.021815,42.286238],[14.021887,42.286442],[14.021975,42.286649],[14.022069,42.286826],[14.022154,42.287025],[14.02222,42.287277],[14.022296,42.287467],[14.022492,42.287906],[14.022596,42.288091],[14.022815,42.288188],[14.023081,42.288262],[14.023336,42.288242],[14.023622,42.288172],[14.023941,42.288166],[14.024213,42.288226],[14.024429,42.288327],[14.02489,42.28852],[14.025183,42.288626],[14.025449,42.288696],[14.025741,42.288789],[14.026004,42.288886],[14.026251,42.288955],[14.026578,42.289017],[14.026938,42.289056],[14.027541,42.289061],[14.027863,42.289068],[14.028153,42.289088],[14.028469,42.2891],[14.028711,42.28912],[14.029035,42.289154],[14.02938,42.28922],[14.029609,42.289294],[14.029835,42.289386],[14.030039,42.289496],[14.030265,42.28962],[14.030475,42.28973],[14.030737,42.289903],[14.030949,42.290103],[14.031155,42.290303],[14.031295,42.290479],[14.031413,42.290665],[14.031662,42.29105],[14.031789,42.291254],[14.031967,42.291525],[14.032095,42.291684],[14.032259,42.291861],[14.032448,42.292011],[14.032585,42.292183],[14.032652,42.292378],[14.032681,42.292608],[14.032672,42.292828],[14.032642,42.293026],[14.032636,42.293206],[14.032612,42.293408],[14.032584,42.293615],[14.032566,42.293813],[14.03253,42.294007],[14.032536,42.294196],[14.032559,42.294444],[14.032599,42.294656],[14.032762,42.294887],[14.032987,42.295042],[14.03323,42.295224],[14.033422,42.295365],[14.03361,42.295511],[14.033838,42.295684],[14.034003,42.295838],[14.034124,42.296019],[14.034252,42.296178],[14.034392,42.296359],[14.034519,42.296572],[14.034413,42.296774],[14.03493,42.296648],[14.035019,42.296819],[14.035153,42.296983],[14.035323,42.297128],[14.035473,42.297273],[14.035658,42.297478],[14.035855,42.297655],[14.036041,42.297819],[14.036242,42.297919],[14.036492,42.298057],[14.036714,42.298194],[14.036963,42.298362],[14.037146,42.298503],[14.037222,42.298689],[14.037284,42.299013],[14.037312,42.299207],[14.037395,42.299505],[14.037513,42.299731],[14.037579,42.299975],[14.037648,42.300237],[14.037698,42.300512],[14.037738,42.300701],[14.037786,42.300886],[14.037865,42.301072],[14.038004,42.301329],[14.038101,42.301524],[14.038141,42.301727],[14.038143,42.301934],[14.038216,42.302155],[14.038289,42.302327],[14.038355,42.302566],[14.038452,42.302774],[14.038574,42.302964],[14.03875,42.303159],[14.038883,42.303376],[14.038971,42.303571],[14.039062,42.303779],[14.039122,42.303982],[14.03931,42.304222],[14.03949,42.304363],[14.039744,42.30459],[14.03995,42.304799],[14.040156,42.304986],[14.040324,42.305122],[14.040526,42.305232],[14.040724,42.305346],[14.040959,42.305443],[14.041222,42.305494],[14.041708,42.305643],[14.041963,42.305676],[14.042229,42.305741],[14.042372,42.305918],[14.042542,42.306055],[14.042774,42.306183],[14.042844,42.306382],[14.042877,42.306575],[14.042928,42.306999],[14.043038,42.307207],[14.043219,42.307456],[14.043377,42.307647],[14.043526,42.307833],[14.043666,42.307982],[14.043866,42.308178],[14.044028,42.308328],[14.044258,42.308537],[14.044476,42.308746],[14.044659,42.308909],[14.044843,42.309145],[14.044983,42.309335],[14.045162,42.309512],[14.045432,42.309744],[14.045743,42.309994],[14.046049,42.310222],[14.04626,42.310359],[14.04653,42.310514],[14.046753,42.310665],[14.046998,42.310865],[14.047147,42.311033],[14.047144,42.311231],[14.047241,42.311682],[14.047295,42.31189],[14.047359,42.312088],[14.04748,42.312323],[14.047703,42.312406],[14.048063,42.312459],[14.048342,42.312493],[14.048666,42.312518],[14.048935,42.312579],[14.049143,42.312679],[14.049288,42.312888],[14.04944,42.313092],[14.049634,42.313269],[14.0499,42.313343],[14.050154,42.31339],[14.050414,42.313505],[14.050587,42.313646],[14.050776,42.313832],[14.050965,42.313969],[14.051093,42.314127],[14.051202,42.314295],[14.051434,42.314414],[14.05166,42.314537],[14.051916,42.314634],[14.05218,42.314668],[14.052483,42.314643],[14.053133,42.314631],[14.05343,42.314615],[14.053763,42.314681],[14.054082,42.314832],[14.054466,42.31497],[14.054712,42.31495],[14.054949,42.314889],[14.055253,42.314878],[14.055516,42.314907],[14.055773,42.314959],[14.056068,42.314921],[14.056317,42.314887],[14.056482,42.315041],[14.056661,42.315209],[14.05689,42.31536],[14.057164,42.315483],[14.057454,42.315535],[14.057689,42.315659],[14.05782,42.315822],[14.057902,42.316025],[14.057975,42.316215],[14.058079,42.316383],[14.058103,42.316567],[14.058286,42.316708],[14.058754,42.317045],[14.058948,42.317254],[14.059205,42.317567],[14.059354,42.317942],[14.059484,42.318182],[14.059745,42.318364],[14.059977,42.318496],[14.060211,42.318642],[14.060511,42.318848],[14.060865,42.319125],[14.061073,42.319253],[14.061259,42.319381],[14.061505,42.319536],[14.061869,42.31975],[14.062025,42.319909],[14.062208,42.320046],[14.06243,42.320174],[14.062653,42.320283],[14.062939,42.320421],[14.063249,42.320595],[14.063484,42.320709],[14.063728,42.320833],[14.063942,42.320942],[14.064134,42.32107],[14.064305,42.32122],[14.064466,42.321374],[14.064624,42.321551],[14.064777,42.321706],[14.06495,42.321914],[14.065102,42.322055],[14.065273,42.322178],[14.065572,42.322289],[14.066125,42.322451],[14.066373,42.322534],[14.066611,42.322621],[14.066894,42.322777],[14.067065,42.322918],[14.067211,42.323072],[14.067373,42.323222],[14.067498,42.32338],[14.06775,42.323554],[14.067958,42.323672],[14.068223,42.323801],[14.068458,42.323893],[14.068666,42.324002],[14.068915,42.324157],[14.06912,42.324294],[14.069327,42.324408],[14.069547,42.324527],[14.069736,42.324641],[14.06998,42.324778],[14.070179,42.324888],[14.070414,42.325007],[14.070624,42.325112],[14.071046,42.325309],[14.0713,42.325388],[14.071557,42.325422],[14.071803,42.325442],[14.07211,42.325579],[14.072349,42.32568],[14.072588,42.325732],[14.072826,42.325801],[14.073065,42.325875],[14.073358,42.325968],[14.073828,42.326183],[14.074045,42.326293],[14.074773,42.326681],[14.075069,42.326823],[14.075348,42.326997],[14.075565,42.327134],[14.075787,42.327262],[14.076037,42.327417],[14.076305,42.327549],[14.076534,42.327637],[14.0768,42.327715],[14.077079,42.327722],[14.077316,42.327688],[14.077559,42.327663],[14.077882,42.327607],[14.078233,42.327646],[14.078477,42.327787],[14.078729,42.32797],[14.079006,42.328138],[14.079237,42.32828],[14.079503,42.328399],[14.079744,42.328478],[14.080029,42.328538],[14.08037,42.328636],[14.080615,42.328701],[14.080854,42.328734],[14.081093,42.328781],[14.081339,42.328788],[14.081436,42.328757],[14.081615,42.328601],[14.081717,42.32843],[14.081814,42.328242],[14.081963,42.328032],[14.082096,42.327857],[14.082247,42.327651]]]]}},
{"type":"Feature","properties":{"id":190,"codice_istat":68028,"nome":"Pescara","codice_pro":68,"codice_reg":13,"codice_cm":"z","codice_catastale":"G482"},"geometry":{"type":"MultiPolygon","coordinates":[[[[14.187539,42.492766],[14.187591,42.492753],[14.18789,42.492881],[14.187984,42.492945],[14.188072,42.492995],[14.18813,42.492978],[14.188142,42.492942],[14.188037,42.492851],[14.187892,42.492751],[14.187796,42.492687],[14.187875,42.492449],[14.188035,42.492293],[14.188684,42.491748],[14.188884,42.491592],[14.189083,42.491458],[14.189341,42.491293],[14.189396,42.491262],[14.189581,42.49134],[14.189701,42.491404],[14.189804,42.491468],[14.189828,42.491454],[14.189769,42.491359],[14.189585,42.491218],[14.189571,42.491151],[14.189667,42.490998],[14.189812,42.490815],[14.190236,42.490557],[14.190588,42.490366],[14.190998,42.490188],[14.1913,42.490118],[14.191839,42.489843],[14.192204,42.48958],[14.192637,42.489299],[14.193014,42.489027],[14.193423,42.488733],[14.193673,42.488433],[14.193947,42.48816],[14.194145,42.487896],[14.194388,42.487686],[14.194561,42.487476],[14.194709,42.487337],[14.195488,42.486825],[14.195851,42.486548],[14.196237,42.486281],[14.196578,42.486036],[14.196867,42.485776],[14.197154,42.485481],[14.197407,42.485244],[14.197647,42.484971],[14.198093,42.484637],[14.198532,42.484298],[14.198891,42.484035],[14.199352,42.483709],[14.199635,42.48345],[14.199866,42.483195],[14.200137,42.482922],[14.200363,42.482658],[14.201075,42.482127],[14.201425,42.481846],[14.201784,42.48161],[14.20211,42.481337],[14.202463,42.48107],[14.202724,42.480882],[14.203108,42.480628],[14.203506,42.480365],[14.203782,42.480214],[14.204156,42.479996],[14.20489,42.47942],[14.205078,42.47921],[14.20521,42.478932],[14.205511,42.47865],[14.206182,42.478043],[14.206554,42.477743],[14.206882,42.477552],[14.207295,42.477307],[14.207593,42.477125],[14.207953,42.47697],[14.208226,42.476841],[14.208548,42.476614],[14.208925,42.476364],[14.209212,42.476244],[14.209571,42.476035],[14.209783,42.475884],[14.210362,42.475523],[14.210777,42.475184],[14.211129,42.474965],[14.211537,42.474707],[14.211865,42.474543],[14.212333,42.474271],[14.212689,42.474022],[14.213051,42.473763],[14.213355,42.473544],[14.213984,42.473121],[14.214238,42.472988],[14.214504,42.472845],[14.215034,42.472552],[14.215475,42.472352],[14.215664,42.472259],[14.216233,42.472029],[14.21676,42.471672],[14.217259,42.471221],[14.217431,42.471042],[14.217664,42.47089],[14.218305,42.470489],[14.218482,42.470405],[14.219009,42.469877],[14.220221,42.46921],[14.220653,42.469006],[14.221069,42.468748],[14.221816,42.468361],[14.222643,42.467921],[14.223263,42.467673],[14.223581,42.467513],[14.224449,42.467177],[14.22469,42.467133],[14.224866,42.467112],[14.224951,42.467117],[14.225266,42.467223],[14.225514,42.46735],[14.225849,42.467605],[14.226582,42.468046],[14.228096,42.469052],[14.229046,42.469743],[14.229164,42.46973],[14.229214,42.469654],[14.229339,42.469628],[14.229485,42.46961],[14.229899,42.4696],[14.230121,42.469556],[14.230131,42.469502],[14.230251,42.4694],[14.230496,42.469253],[14.231476,42.468746],[14.232107,42.468579],[14.232703,42.468349],[14.232981,42.468238],[14.233522,42.467976],[14.233813,42.467856],[14.234165,42.467647],[14.234408,42.467419],[14.234743,42.467142],[14.235146,42.466758],[14.235623,42.466257],[14.23597,42.465993],[14.236231,42.465788],[14.23652,42.465547],[14.236637,42.465448],[14.236662,42.46534],[14.236609,42.465227],[14.236525,42.465155],[14.236452,42.465123],[14.236361,42.465091],[14.236253,42.465207],[14.2362,42.465306],[14.236199,42.465414],[14.233837,42.467622],[14.230243,42.469048],[14.229719,42.468689],[14.230625,42.467957],[14.230519,42.467852],[14.229313,42.468817],[14.227805,42.467753],[14.228844,42.466868],[14.229116,42.467001],[14.229284,42.466944],[14.228914,42.466387],[14.22999,42.46589],[14.229707,42.465438],[14.230343,42.465145],[14.231685,42.464015],[14.232446,42.464461],[14.232519,42.464696],[14.232735,42.464693],[14.232839,42.464955],[14.233033,42.464956],[14.233125,42.466177],[14.23265,42.466205],[14.232619,42.46675],[14.232497,42.466794],[14.232554,42.466875],[14.232734,42.466832],[14.234448,42.465375],[14.231505,42.463577],[14.231576,42.463023],[14.231735,42.462678],[14.231859,42.462287],[14.232022,42.461842],[14.232306,42.461254],[14.232645,42.460896],[14.232884,42.460736],[14.233105,42.460805],[14.23321,42.460959],[14.23332,42.460914],[14.233436,42.460591],[14.233665,42.460268],[14.233883,42.460112],[14.234215,42.459768],[14.23453,42.459396],[14.234801,42.459141],[14.235218,42.458797],[14.23539,42.458663],[14.23546,42.45865],[14.235596,42.458723],[14.235717,42.458832],[14.235884,42.45886],[14.235888,42.45877],[14.235758,42.458675],[14.235705,42.458557],[14.235797,42.458445],[14.236079,42.458254],[14.236516,42.457896],[14.236669,42.457785],[14.236886,42.45744],[14.237086,42.457274],[14.237248,42.457154],[14.237802,42.456865],[14.238055,42.45656],[14.238619,42.45619],[14.239055,42.455869],[14.239186,42.455816],[14.239361,42.455898],[14.239563,42.456061],[14.239666,42.456103],[14.239693,42.456094],[14.239722,42.456],[14.239586,42.455913],[14.239505,42.45584],[14.239729,42.455639],[14.240017,42.455488],[14.240224,42.455467],[14.240385,42.455455],[14.240558,42.455469],[14.24086,42.455399],[14.240871,42.455287],[14.24089,42.455156],[14.240992,42.455035],[14.241245,42.454992],[14.241399,42.455047],[14.241546,42.454976],[14.241629,42.454882],[14.241625,42.454756],[14.241584,42.454639],[14.241686,42.454509],[14.24193,42.454398],[14.242256,42.454125],[14.242368,42.453928],[14.24257,42.453772],[14.242904,42.453589],[14.243251,42.453312],[14.243678,42.452941],[14.243944,42.452754],[14.244445,42.452095],[14.244759,42.451791],[14.245048,42.451518],[14.245175,42.451303],[14.245463,42.450886],[14.24562,42.450689],[14.245933,42.450439],[14.246145,42.450296],[14.246442,42.450109],[14.246824,42.449927],[14.247117,42.449808],[14.247427,42.449611],[14.247787,42.449483],[14.248004,42.449381],[14.248258,42.449212],[14.248375,42.449095],[14.248517,42.448966],[14.248728,42.448805],[14.249169,42.448511],[14.250407,42.447758],[14.251433,42.447071],[14.252014,42.446521],[14.252829,42.445743],[14.253449,42.445274],[14.254032,42.444783],[14.253355,42.444738],[14.252856,42.444482],[14.252208,42.444046],[14.251192,42.443292],[14.25002,42.442456],[14.249197,42.441631],[14.248929,42.44139],[14.248656,42.441136],[14.248459,42.440811],[14.248053,42.440466],[14.247707,42.440171],[14.247309,42.43984],[14.246901,42.439423],[14.246416,42.439082],[14.245948,42.438836],[14.245891,42.438448],[14.24561,42.438329],[14.245225,42.438236],[14.244864,42.437986],[14.244523,42.437719],[14.244166,42.43732],[14.24397,42.437017],[14.244045,42.436779],[14.24417,42.436487],[14.244311,42.436132],[14.24452,42.435737],[14.244755,42.435635],[14.244999,42.435538],[14.245228,42.435472],[14.245579,42.435362],[14.245893,42.435283],[14.246325,42.435209],[14.246905,42.435055],[14.247375,42.434914],[14.248113,42.434451],[14.247907,42.434319],[14.247784,42.434259],[14.247549,42.434051],[14.247172,42.433792],[14.246795,42.43355],[14.246498,42.433494],[14.245953,42.433351],[14.245827,42.433166],[14.245649,42.4328],[14.24533,42.432595],[14.245152,42.432463],[14.244899,42.432223],[14.244562,42.43196],[14.244066,42.431515],[14.243693,42.431161],[14.243457,42.430858],[14.243165,42.430384],[14.242982,42.430184],[14.243359,42.429939],[14.24377,42.429829],[14.244209,42.429711],[14.244644,42.429673],[14.244856,42.42949],[14.244711,42.42943],[14.24455,42.429398],[14.244376,42.429275],[14.244225,42.429148],[14.244161,42.428949],[14.244819,42.428818],[14.245323,42.428543],[14.245766,42.428406],[14.246439,42.428028],[14.246262,42.427783],[14.246092,42.427571],[14.245717,42.427429],[14.245511,42.427333],[14.245192,42.427087],[14.244641,42.426886],[14.244317,42.426852],[14.244038,42.426769],[14.243718,42.426573],[14.243529,42.426383],[14.243218,42.426493],[14.242287,42.426595],[14.241769,42.426646],[14.24123,42.426741],[14.240699,42.426729],[14.239953,42.426859],[14.239547,42.426933],[14.238776,42.42691],[14.238665,42.426788],[14.238611,42.426702],[14.238301,42.426474],[14.238033,42.426297],[14.237764,42.426111],[14.237617,42.42597],[14.237481,42.425667],[14.237225,42.425513],[14.237063,42.425322],[14.236942,42.424988],[14.23664,42.424622],[14.236156,42.423966],[14.235558,42.423408],[14.235327,42.423136],[14.234688,42.422727],[14.234155,42.422345],[14.233512,42.42171],[14.233499,42.421759],[14.233419,42.421601],[14.233327,42.421434],[14.233117,42.42119],[14.232826,42.420863],[14.232672,42.420574],[14.232584,42.420353],[14.23247,42.42019],[14.232216,42.420058],[14.232096,42.419706],[14.232043,42.4193],[14.231954,42.418935],[14.231863,42.41861],[14.231663,42.418357],[14.231406,42.418026],[14.23102,42.41747],[14.230683,42.416999],[14.230353,42.416614],[14.228804,42.41532],[14.228587,42.415477],[14.228359,42.415709],[14.227986,42.415918],[14.22818,42.416149],[14.228447,42.416439],[14.228889,42.416807],[14.228494,42.416885],[14.228179,42.416982],[14.227692,42.417119],[14.227049,42.417204],[14.226487,42.417448],[14.226085,42.417558],[14.225712,42.417754],[14.225074,42.417956],[14.224603,42.418219],[14.22356,42.418532],[14.223056,42.418726],[14.222596,42.418813],[14.22227,42.418951],[14.221854,42.41911],[14.221482,42.419269],[14.221267,42.419435],[14.221393,42.419589],[14.221673,42.419798],[14.221927,42.420114],[14.222282,42.420432],[14.222552,42.4207],[14.22286,42.42108],[14.223021,42.421356],[14.223188,42.421825],[14.223281,42.42215],[14.223345,42.422619],[14.223408,42.422957],[14.223397,42.423826],[14.223384,42.424145],[14.223356,42.424465],[14.223383,42.424749],[14.223486,42.424984],[14.22329,42.425122],[14.223127,42.425332],[14.223239,42.425581],[14.223405,42.425708],[14.223372,42.425919],[14.223347,42.42618],[14.223649,42.426349],[14.223784,42.426499],[14.223702,42.426737],[14.223664,42.427092],[14.223689,42.427299],[14.223837,42.427602],[14.223469,42.427658],[14.223165,42.427881],[14.222871,42.428041],[14.222367,42.427813],[14.221541,42.427713],[14.221056,42.427651],[14.22006,42.427576],[14.219734,42.427601],[14.219164,42.427755],[14.218707,42.427896],[14.218211,42.427942],[14.217938,42.427877],[14.217733,42.427772],[14.217621,42.42774],[14.217269,42.427674],[14.217056,42.427696],[14.216781,42.427775],[14.216488,42.42789],[14.216129,42.427982],[14.2158,42.428025],[14.21545,42.428067],[14.215063,42.428141],[14.214697,42.428224],[14.214312,42.428406],[14.214034,42.428508],[14.213659,42.428577],[14.213175,42.428425],[14.212878,42.428351],[14.212789,42.42822],[14.212723,42.427864],[14.212641,42.427616],[14.212503,42.427268],[14.212291,42.426992],[14.211865,42.426791],[14.211528,42.426744],[14.211242,42.426746],[14.210804,42.426802],[14.210674,42.426508],[14.21058,42.426264],[14.210476,42.426011],[14.210315,42.425772],[14.210146,42.425442],[14.209803,42.425201],[14.209638,42.42501],[14.209369,42.425121],[14.209106,42.425313],[14.208687,42.425504],[14.208417,42.425686],[14.207976,42.425949],[14.207529,42.426194],[14.207204,42.426241],[14.206872,42.426261],[14.206505,42.426196],[14.206349,42.426289],[14.205932,42.426574],[14.205542,42.4269],[14.204956,42.42713],[14.204653,42.427506],[14.204297,42.427558],[14.203783,42.427573],[14.203225,42.427708],[14.202687,42.427957],[14.202112,42.428034],[14.201665,42.428031],[14.201216,42.428027],[14.200697,42.428199],[14.200225,42.428291],[14.199855,42.428432],[14.199406,42.428609],[14.19861,42.428833],[14.198509,42.429107],[14.198214,42.429636],[14.197868,42.430336],[14.197475,42.431126],[14.197104,42.43184],[14.196736,42.43253],[14.196541,42.432858],[14.196139,42.43358],[14.195928,42.433988],[14.195755,42.434203],[14.19427,42.436903],[14.193941,42.436496],[14.193387,42.435825],[14.192851,42.43498],[14.19206,42.433853],[14.19146,42.432998],[14.190406,42.43159],[14.189798,42.430847],[14.189375,42.430173],[14.189115,42.429874],[14.188414,42.429077],[14.187965,42.428294],[14.187692,42.428009],[14.185895,42.425781],[14.185533,42.426066],[14.185127,42.426442],[14.184665,42.42688],[14.184192,42.427228],[14.183992,42.427465],[14.183589,42.427813],[14.183079,42.428503],[14.182815,42.42892],[14.182736,42.429167],[14.182516,42.429692],[14.182343,42.430168],[14.18198,42.430503],[14.181553,42.430824],[14.181278,42.431219],[14.180953,42.431662],[14.180611,42.432038],[14.180245,42.432324],[14.179792,42.432581],[14.179396,42.432867],[14.178888,42.433156],[14.178141,42.43356],[14.177165,42.434098],[14.176717,42.434198],[14.176576,42.433598],[14.176417,42.433647],[14.176056,42.433788],[14.174965,42.434037],[14.174806,42.434144],[14.174703,42.434341],[14.174702,42.434598],[14.174675,42.434801],[14.174612,42.435012],[14.17457,42.435223],[14.174392,42.435519],[14.174271,42.435541],[14.174073,42.435535],[14.173835,42.435637],[14.173663,42.43573],[14.173201,42.435988],[14.172922,42.436139],[14.172759,42.436291],[14.172523,42.43646],[14.17212,42.43684],[14.171872,42.436951],[14.171567,42.437025],[14.171603,42.437057],[14.171747,42.437229],[14.171708,42.43744],[14.171683,42.437719],[14.171579,42.43798],[14.171623,42.438345],[14.17168,42.438593],[14.171942,42.438793],[14.172604,42.43932],[14.173128,42.43945],[14.173738,42.43949],[14.174165,42.439417],[14.174789,42.439547],[14.175353,42.439704],[14.176144,42.439854],[14.177172,42.440028],[14.177989,42.440075],[14.178412,42.440019],[14.17919,42.439827],[14.179707,42.439844],[14.180275,42.439641],[14.180794,42.439415],[14.181213,42.439238],[14.181664,42.439182],[14.181874,42.439139],[14.182204,42.439213],[14.18235,42.439439],[14.182428,42.439728],[14.182292,42.43997],[14.182149,42.440199],[14.181958,42.440378],[14.181706,42.440588],[14.1815,42.440753],[14.181251,42.440958],[14.180993,42.441181],[14.180753,42.4414],[14.180486,42.441619],[14.180178,42.4419],[14.180001,42.441994],[14.180015,42.442332],[14.179934,42.442475],[14.179717,42.442523],[14.179443,42.443057],[14.179298,42.443398],[14.179159,42.443577],[14.179112,42.443694],[14.179132,42.443798],[14.179204,42.443861],[14.179337,42.443916],[14.179531,42.443967],[14.17978,42.444018],[14.180044,42.444052],[14.180462,42.44414],[14.181338,42.444358],[14.181833,42.444573],[14.182732,42.444922],[14.183949,42.445273],[14.184384,42.445488],[14.18576,42.445781],[14.186519,42.445917],[14.186776,42.446022],[14.187215,42.446152],[14.187486,42.446329],[14.18777,42.446687],[14.187868,42.446872],[14.187884,42.447079],[14.187438,42.447428],[14.186987,42.447559],[14.186778,42.447747],[14.186377,42.447902],[14.186138,42.448062],[14.18592,42.448254],[14.185712,42.448595],[14.185798,42.44901],[14.185914,42.449191],[14.186168,42.449526],[14.186414,42.449771],[14.186813,42.450165],[14.187472,42.450719],[14.187902,42.451047],[14.188266,42.451355],[14.188706,42.451701],[14.189018,42.452252],[14.190345,42.453779],[14.190528,42.454186],[14.191178,42.454938],[14.191766,42.455333],[14.193038,42.455928],[14.193552,42.456139],[14.194055,42.456336],[14.194637,42.456641],[14.196828,42.458697],[14.196543,42.458861],[14.19624,42.458796],[14.195873,42.458726],[14.195411,42.458682],[14.194945,42.45853],[14.194754,42.45843],[14.194285,42.458251],[14.193974,42.458145],[14.193582,42.458111],[14.192523,42.457941],[14.192253,42.458129],[14.19192,42.458257],[14.191466,42.458321],[14.191103,42.458391],[14.190753,42.458447],[14.190435,42.458602],[14.190094,42.458888],[14.189818,42.459066],[14.18943,42.459198],[14.189075,42.459326],[14.18872,42.459536],[14.188525,42.459597],[14.188422,42.459551],[14.188162,42.459455],[14.187659,42.459487],[14.187534,42.459554],[14.187121,42.459763],[14.186832,42.459968],[14.186511,42.460164],[14.18612,42.46049],[14.185709,42.460802],[14.185249,42.461087],[14.18476,42.461245],[14.184362,42.461468],[14.183772,42.461711],[14.183201,42.461914],[14.182614,42.462162],[14.182085,42.462348],[14.181443,42.462649],[14.181076,42.46284],[14.180813,42.462897],[14.180258,42.46305],[14.179781,42.463223],[14.179587,42.463176],[14.179405,42.463202],[14.179158,42.4632],[14.178836,42.463193],[14.178572,42.4632],[14.178218,42.463265],[14.177932,42.46325],[14.177737,42.463285],[14.177344,42.463363],[14.176933,42.463382],[14.176462,42.463374],[14.175973,42.463321],[14.175572,42.463332],[14.174994,42.463305],[14.174434,42.463387],[14.174117,42.463425],[14.173737,42.463431],[14.173299,42.463433],[14.172845,42.463488],[14.172395,42.463476],[14.171982,42.463486],[14.171592,42.463483],[14.17128,42.463666],[14.171014,42.463763],[14.170804,42.463802],[14.170399,42.463835],[14.170358,42.464141],[14.170322,42.464154],[14.170145,42.464171],[14.169603,42.464248],[14.16904,42.464257],[14.168902,42.46413],[14.168443,42.464104],[14.168231,42.464022],[14.168037,42.464002],[14.167765,42.464082],[14.167461,42.464133],[14.167266,42.464145],[14.166976,42.46422],[14.16678,42.464354],[14.166516,42.464487],[14.166215,42.464548],[14.165744,42.464499],[14.165524,42.46457],[14.165372,42.464541],[14.165205,42.464522],[14.164959,42.464561],[14.164745,42.464631],[14.164463,42.464746],[14.164271,42.464781],[14.164128,42.46483],[14.163993,42.464919],[14.163763,42.465061],[14.1634,42.465135],[14.162961,42.465253],[14.162649,42.465391],[14.162509,42.465367],[14.162326,42.465411],[14.162132,42.465562],[14.161885,42.465633],[14.161591,42.465567],[14.16137,42.465539],[14.161211,42.465601],[14.161087,42.465762],[14.160953,42.465788],[14.160665,42.465682],[14.160484,42.465627],[14.160246,42.465616],[14.159939,42.465614],[14.159674,42.465688],[14.159298,42.465807],[14.158962,42.465953],[14.158556,42.46609],[14.158219,42.466205],[14.158126,42.466371],[14.157834,42.466598],[14.157424,42.466811],[14.157132,42.467021],[14.157007,42.467258],[14.156849,42.467464],[14.156591,42.467661],[14.156422,42.467817],[14.156159,42.467901],[14.155762,42.467835],[14.155546,42.46781],[14.15524,42.467736],[14.155003,42.467748],[14.155005,42.467842],[14.155136,42.468042],[14.155236,42.46829],[14.155182,42.468641],[14.155185,42.468695],[14.155176,42.468875],[14.155183,42.469033],[14.155217,42.469199],[14.155152,42.469338],[14.154938,42.469382],[14.155178,42.469415],[14.155402,42.46952],[14.155754,42.469568],[14.156344,42.469789],[14.156237,42.470026],[14.15607,42.470228],[14.155778,42.470464],[14.155649,42.470612],[14.155548,42.470868],[14.155383,42.471168],[14.155217,42.471496],[14.155032,42.471693],[14.154898,42.471917],[14.154825,42.472146],[14.154475,42.472413],[14.154215,42.472529],[14.153903,42.472832],[14.154108,42.472964],[14.154294,42.473182],[14.15454,42.473418],[14.154725,42.473667],[14.154976,42.474056],[14.155243,42.474513],[14.155231,42.474711],[14.155298,42.474941],[14.155189,42.475381],[14.155074,42.475759],[14.15543,42.476027],[14.155204,42.476296],[14.154937,42.476703],[14.154776,42.476891],[14.154532,42.4772],[14.15419,42.477558],[14.153958,42.477826],[14.153692,42.478158],[14.153417,42.478435],[14.153151,42.478802],[14.152972,42.478976],[14.153025,42.47908],[14.152971,42.479296],[14.152879,42.479579],[14.152791,42.479758],[14.153071,42.48022],[14.153343,42.480537],[14.153492,42.480781],[14.153741,42.481247],[14.154076,42.481668],[14.155403,42.481381],[14.155456,42.481557],[14.155496,42.48176],[14.155526,42.482016],[14.155504,42.482264],[14.155408,42.482367],[14.15525,42.482591],[14.155226,42.482784],[14.155382,42.483186],[14.155459,42.483367],[14.155519,42.483615],[14.155625,42.483926],[14.155901,42.483946],[14.155936,42.484046],[14.155953,42.484384],[14.155923,42.484577],[14.155821,42.484716],[14.155698,42.484791],[14.155735,42.484981],[14.155726,42.48521],[14.155424,42.485487],[14.155728,42.48571],[14.156016,42.485793],[14.156536,42.486018],[14.156925,42.486052],[14.157385,42.486231],[14.157749,42.486288],[14.158228,42.486467],[14.158584,42.486465],[14.159108,42.48637],[14.159518,42.486413],[14.160056,42.486661],[14.160407,42.486821],[14.160731,42.486954],[14.161091,42.487091],[14.161256,42.487214],[14.161533,42.487239],[14.161823,42.487371],[14.162991,42.487628],[14.163223,42.487571],[14.163411,42.487581],[14.163658,42.487574],[14.164086,42.48764],[14.16435,42.487692],[14.164561,42.487797],[14.164715,42.487933],[14.164798,42.488087],[14.164944,42.488268],[14.165072,42.48848],[14.165149,42.488625],[14.165222,42.488634],[14.165392,42.488649],[14.165547,42.488686],[14.165549,42.488749],[14.165651,42.488867],[14.165827,42.48895],[14.165989,42.489068],[14.166219,42.489209],[14.166536,42.489355],[14.166898,42.489381],[14.167249,42.489523],[14.167673,42.489634],[14.16796,42.489568],[14.168168,42.489665],[14.168461,42.489838],[14.169009,42.490031],[14.169256,42.490217],[14.169778,42.490563],[14.170004,42.490731],[14.170817,42.490647],[14.171062,42.490789],[14.1715,42.491035],[14.172017,42.491241],[14.173099,42.491326],[14.173509,42.491342],[14.173815,42.491466],[14.174098,42.491698],[14.1742,42.492009],[14.174292,42.492667],[14.174553,42.49298],[14.174845,42.493392],[14.175364,42.493022],[14.175806,42.493173],[14.177091,42.493547],[14.177646,42.49374],[14.178331,42.493691],[14.178862,42.493569],[14.179694,42.493165],[14.180583,42.492928],[14.182825,42.492175],[14.183752,42.492748],[14.184445,42.493217],[14.184977,42.493505],[14.185354,42.493759],[14.186026,42.494043],[14.186199,42.493847],[14.18683,42.49327],[14.187293,42.492967],[14.187539,42.492766]]]]}},
{"type":"Feature","properties":{"id":197,"codice_istat":68035,"nome":"Rosciano","codice_pro":68,"codice_reg":13,"codice_cm":"z","codice_catastale":"H562"},"geometry":{"type":"MultiPolygon","coordinates":[[[[14.058344,42.361251],[14.058404,42.361044],[14.058452,42.360869],[14.058513,42.360694],[14.058418,42.360504],[14.058219,42.360214],[14.058012,42.359884],[14.057893,42.359721],[14.057774,42.359562],[14.057655,42.35939],[14.057471,42.359105],[14.057344,42.358879],[14.057211,42.358621],[14.057031,42.358304],[14.056874,42.358006],[14.056735,42.357775],[14.056536,42.357494],[14.05639,42.357277],[14.056242,42.357019],[14.056088,42.356761],[14.055976,42.356539],[14.055894,42.356345],[14.055831,42.356147],[14.055791,42.355966],[14.055848,42.355768],[14.056054,42.355626],[14.056366,42.355453],[14.056648,42.355298],[14.056876,42.355219],[14.057132,42.355153],[14.057389,42.35502],[14.057531,42.354855],[14.05762,42.354603],[14.057647,42.354419],[14.057752,42.354105],[14.058002,42.353634],[14.058063,42.353405],[14.058148,42.353225],[14.058178,42.353009],[14.05815,42.352689],[14.058211,42.352442],[14.058413,42.352313],[14.058582,42.35218],[14.058731,42.351974],[14.058834,42.351763],[14.058943,42.351588],[14.059117,42.351356],[14.059252,42.351208],[14.059488,42.351079],[14.059742,42.350955],[14.059965,42.350872],[14.060193,42.350806],[14.060434,42.350763],[14.060671,42.350733],[14.060914,42.350704],[14.061212,42.350675],[14.061476,42.350668],[14.061804,42.350675],[14.062137,42.350705],[14.06251,42.350757],[14.062855,42.350792],[14.063161,42.350826],[14.063847,42.351052],[14.064155,42.351181],[14.064356,42.351295],[14.064573,42.351423],[14.064838,42.351573],[14.065063,42.351764],[14.065191,42.351941],[14.065372,42.352424],[14.065457,42.352623],[14.065538,42.352858],[14.065632,42.353057],[14.065858,42.353194],[14.06609,42.353286],[14.066306,42.353454],[14.066511,42.353591],[14.0667,42.353728],[14.066889,42.353869],[14.06714,42.353947],[14.067475,42.353891],[14.067701,42.353794],[14.068017,42.353743],[14.068311,42.353768],[14.06855,42.353828],[14.068916,42.353903],[14.069234,42.353942],[14.06954,42.354007],[14.069858,42.354068],[14.070176,42.354093],[14.070433,42.353997],[14.070683,42.353908],[14.070963,42.353825],[14.071201,42.353796],[14.071493,42.353748],[14.071737,42.353669],[14.071918,42.35354],[14.072089,42.353411],[14.07231,42.353269],[14.072436,42.352995],[14.072466,42.352757],[14.072465,42.352464],[14.072391,42.352112],[14.072325,42.351837],[14.07228,42.351584],[14.072278,42.351355],[14.07229,42.35113],[14.072405,42.350955],[14.072553,42.35079],[14.072826,42.350598],[14.073135,42.350448],[14.07334,42.350301],[14.073519,42.350149],[14.073779,42.349989],[14.073978,42.349865],[14.074253,42.349759],[14.074496,42.349707],[14.074763,42.349713],[14.075035,42.349806],[14.075292,42.349866],[14.075586,42.349905],[14.075887,42.349903],[14.076197,42.349838],[14.076506,42.349881],[14.076757,42.349964],[14.077105,42.350034],[14.07745,42.350118],[14.077746,42.350197],[14.078065,42.350181],[14.07837,42.350098],[14.078565,42.349987],[14.078774,42.349854],[14.079115,42.349573],[14.079417,42.349458],[14.079716,42.349357],[14.079861,42.34921],[14.080005,42.349062],[14.08019,42.348694],[14.080563,42.348315],[14.080762,42.348163],[14.080976,42.348034],[14.081242,42.347906],[14.081504,42.347849],[14.08184,42.347731],[14.08207,42.347584],[14.082316,42.347541],[14.08244,42.347551],[14.083823,42.347026],[14.084287,42.346422],[14.084845,42.345616],[14.085777,42.344335],[14.086342,42.343057],[14.086455,42.341504],[14.086475,42.340149],[14.085761,42.33913],[14.08486,42.338312],[14.084141,42.337631],[14.083512,42.337081],[14.082482,42.336118],[14.082272,42.33595],[14.081974,42.335795],[14.081788,42.335681],[14.081511,42.335521],[14.081331,42.335393],[14.081096,42.335234],[14.080844,42.33507],[14.080661,42.334938],[14.080472,42.334742],[14.080387,42.334544],[14.080287,42.334354],[14.080153,42.334154],[14.079985,42.333996],[14.079766,42.333868],[14.079519,42.333749],[14.079384,42.333594],[14.079403,42.333387],[14.079233,42.333156],[14.079114,42.332962],[14.079169,42.332742],[14.079407,42.332667],[14.07963,42.332583],[14.079877,42.332455],[14.080137,42.332358],[14.08042,42.332256],[14.080662,42.332146],[14.08093,42.332044],[14.081175,42.331916],[14.081371,42.331782],[14.081607,42.331627],[14.081841,42.331579],[14.082061,42.331491],[14.082152,42.331316],[14.082383,42.331223],[14.082649,42.330896],[14.082515,42.33072],[14.082416,42.330647],[14.082358,42.330462],[14.082331,42.330259],[14.08224,42.330024],[14.082095,42.329807],[14.082007,42.329594],[14.081904,42.329359],[14.081765,42.329133],[14.081564,42.328924],[14.081436,42.328757],[14.081339,42.328788],[14.081093,42.328781],[14.080854,42.328734],[14.080615,42.328701],[14.08037,42.328636],[14.080029,42.328538],[14.079744,42.328478],[14.079503,42.328399],[14.079237,42.32828],[14.079006,42.328138],[14.078729,42.32797],[14.078477,42.327787],[14.078233,42.327646],[14.077882,42.327607],[14.077559,42.327663],[14.077316,42.327688],[14.077079,42.327722],[14.0768,42.327715],[14.076534,42.327637],[14.076305,42.327549],[14.076037,42.327417],[14.075787,42.327262],[14.075565,42.327134],[14.075348,42.326997],[14.075069,42.326823],[14.074773,42.326681],[14.074045,42.326293],[14.073828,42.326183],[14.073358,42.325968],[14.073065,42.325875],[14.072826,42.325801],[14.072588,42.325732],[14.072349,42.32568],[14.07211,42.325579],[14.071803,42.325442],[14.071557,42.325422],[14.0713,42.325388],[14.071046,42.325309],[14.070624,42.325112],[14.070414,42.325007],[14.070179,42.324888],[14.06998,42.324778],[14.069736,42.324641],[14.069547,42.324527],[14.069327,42.324408],[14.06912,42.324294],[14.068915,42.324157],[14.068666,42.324002],[14.068458,42.323893],[14.068223,42.323801],[14.067958,42.323672],[14.06775,42.323554],[14.067498,42.32338],[14.067373,42.323222],[14.067211,42.323072],[14.067065,42.322918],[14.066894,42.322777],[14.066611,42.322621],[14.066373,42.322534],[14.066125,42.322451],[14.065572,42.322289],[14.065273,42.322178],[14.065102,42.322055],[14.06495,42.321914],[14.064777,42.321706],[14.064624,42.321551],[14.064466,42.321374],[14.064305,42.32122],[14.064134,42.32107],[14.063942,42.320942],[14.063728,42.320833],[14.063484,42.320709],[14.063249,42.320595],[14.062939,42.320421],[14.062653,42.320283],[14.06243,42.320174],[14.062208,42.320046],[14.062025,42.319909],[14.061869,42.31975],[14.061505,42.319536],[14.061259,42.319381],[14.061073,42.319253],[14.060865,42.319125],[14.060511,42.318848],[14.060211,42.318642],[14.059977,42.318496],[14.059745,42.318364],[14.059484,42.318182],[14.059354,42.317942],[14.059205,42.317567],[14.058948,42.317254],[14.058754,42.317045],[14.058286,42.316708],[14.058103,42.316567],[14.058079,42.316383],[14.057975,42.316215],[14.057902,42.316025],[14.05782,42.315822],[14.057689,42.315659],[14.057454,42.315535],[14.057164,42.315483],[14.05689,42.31536],[14.056661,42.315209],[14.056482,42.315041],[14.056317,42.314887],[14.056068,42.314921],[14.055773,42.314959],[14.055516,42.314907],[14.055253,42.314878],[14.054949,42.314889],[14.054712,42.31495],[14.054466,42.31497],[14.054082,42.314832],[14.053763,42.314681],[14.05343,42.314615],[14.053133,42.314631],[14.052483,42.314643],[14.05218,42.314668],[14.051916,42.314634],[14.05166,42.314537],[14.051434,42.314414],[14.051202,42.314295],[14.051093,42.314127],[14.050965,42.313969],[14.050776,42.313832],[14.050587,42.313646],[14.050414,42.313505],[14.050154,42.31339],[14.0499,42.313343],[14.049634,42.313269],[14.04944,42.313092],[14.049288,42.312888],[14.049143,42.312679],[14.048935,42.312579],[14.048666,42.312518],[14.048342,42.312493],[14.048063,42.312459],[14.047703,42.312406],[14.04748,42.312323],[14.047359,42.312088],[14.047295,42.31189],[14.047241,42.311682],[14.047144,42.311231],[14.047147,42.311033],[14.046998,42.310865],[14.046753,42.310665],[14.04653,42.310514],[14.04626,42.310359],[14.046049,42.310222],[14.045743,42.309994],[14.045432,42.309744],[14.045162,42.309512],[14.044983,42.309335],[14.044843,42.309145],[14.044659,42.308909],[14.044476,42.308746],[14.044258,42.308537],[14.044028,42.308328],[14.043866,42.308178],[14.043666,42.307982],[14.043526,42.307833],[14.043377,42.307647],[14.043219,42.307456],[14.043038,42.307207],[14.042928,42.306999],[14.042877,42.306575],[14.042844,42.306382],[14.042774,42.306183],[14.042542,42.306055],[14.042372,42.305918],[14.042229,42.305741],[14.041963,42.305676],[14.041708,42.305643],[14.041222,42.305494],[14.040959,42.305443],[14.040724,42.305346],[14.040526,42.305232],[14.040324,42.305122],[14.040156,42.304986],[14.03995,42.304799],[14.039744,42.30459],[14.03949,42.304363],[14.03931,42.304222],[14.039122,42.303982],[14.039062,42.303779],[14.038971,42.303571],[14.038883,42.303376],[14.03875,42.303159],[14.038574,42.302964],[14.038452,42.302774],[14.038355,42.302566],[14.038289,42.302327],[14.038216,42.302155],[14.038143,42.301934],[14.038141,42.301727],[14.038101,42.301524],[14.038004,42.301329],[14.037865,42.301072],[14.037786,42.300886],[14.037738,42.300701],[14.037698,42.300512],[14.037648,42.300237],[14.037579,42.299975],[14.037513,42.299731],[14.037395,42.299505],[14.037312,42.299207],[14.037284,42.299013],[14.037222,42.298689],[14.037146,42.298503],[14.036963,42.298362],[14.036714,42.298194],[14.036492,42.298057],[14.036242,42.297919],[14.036041,42.297819],[14.035855,42.297655],[14.035658,42.297478],[14.035473,42.297273],[14.035323,42.297128],[14.035153,42.296983],[14.035019,42.296819],[14.03493,42.296648],[14.034413,42.296774],[14.034232,42.296907],[14.034045,42.297027],[14.033822,42.297129],[14.03365,42.297281],[14.033336,42.297602],[14.033169,42.297799],[14.033033,42.297955],[14.032824,42.298152],[14.032437,42.298486],[14.03214,42.298668],[14.031683,42.29902],[14.031605,42.299132],[14.031475,42.299298],[14.031308,42.299517],[14.031135,42.299709],[14.030869,42.299846],[14.030655,42.299998],[14.03043,42.300189],[14.030237,42.300345],[14.029977,42.300483],[14.02979,42.300598],[14.029532,42.300812],[14.029372,42.300959],[14.029187,42.301138],[14.029067,42.301294],[14.028891,42.301473],[14.028639,42.301692],[14.028439,42.30187],[14.028285,42.302022],[14.028149,42.302183],[14.027998,42.302375],[14.02783,42.302617],[14.027672,42.302859],[14.027541,42.303074],[14.027018,42.30374],[14.026873,42.303901],[14.026734,42.304075],[14.026674,42.304264],[14.026555,42.304457],[14.026744,42.304602],[14.02694,42.304712],[14.02687,42.304896],[14.026681,42.304777],[14.026443,42.30469],[14.026205,42.304737],[14.025958,42.304861],[14.025701,42.304994],[14.025528,42.305155],[14.02541,42.30537],[14.025155,42.305543],[14.024933,42.305618],[14.024634,42.305719],[14.024429,42.305857],[14.024462,42.306069],[14.024356,42.306239],[14.02446,42.306402],[14.024618,42.306539],[14.024872,42.306595],[14.025118,42.306601],[14.0252,42.306809],[14.024965,42.306893],[14.024698,42.306872],[14.024491,42.306767],[14.02425,42.306828],[14.024168,42.307016],[14.024186,42.30721],[14.024308,42.307391],[14.024432,42.307591],[14.024372,42.307779],[14.02453,42.307934],[14.024634,42.308097],[14.024627,42.308317],[14.024615,42.308502],[14.024597,42.308682],[14.024434,42.308856],[14.024243,42.309043],[14.024037,42.309249],[14.023912,42.309486],[14.023866,42.309666],[14.023743,42.309818],[14.023535,42.309938],[14.023273,42.309954],[14.02305,42.30988],[14.022819,42.30972],[14.022579,42.309768],[14.022236,42.309783],[14.021799,42.309766],[14.021533,42.309727],[14.021234,42.30963],[14.021048,42.309516],[14.02088,42.309366],[14.020518,42.30907],[14.020405,42.308903],[14.020378,42.308695],[14.020293,42.308487],[14.02019,42.308315],[14.019934,42.308187],[14.019687,42.308244],[14.019434,42.308322],[14.019054,42.308589],[14.018897,42.308764],[14.018724,42.308933],[14.018543,42.30908],[14.018291,42.309065],[14.018201,42.30923],[14.017962,42.309413],[14.017715,42.309438],[14.017488,42.309607],[14.017239,42.309659],[14.016988,42.309598],[14.016777,42.309732],[14.016656,42.309902],[14.016564,42.310121],[14.016371,42.310232],[14.016115,42.310118],[14.015856,42.310232],[14.015585,42.310307],[14.015282,42.310246],[14.015024,42.310266],[14.014719,42.310371],[14.014513,42.310532],[14.014595,42.310717],[14.014514,42.310914],[14.014281,42.311074],[14.014037,42.311117],[14.013769,42.311183],[14.013627,42.311348],[14.013867,42.311539],[14.013848,42.311773],[14.01376,42.311944],[14.013543,42.312086],[14.013397,42.312269],[14.013321,42.31248],[14.013197,42.312637],[14.012972,42.312702],[14.012656,42.312745],[14.012484,42.312883],[14.012176,42.312948],[14.011915,42.313013],[14.011685,42.313146],[14.011535,42.313401],[14.011323,42.313575],[14.011099,42.313744],[14.011071,42.313965],[14.011221,42.314119],[14.011103,42.314285],[14.011064,42.314469],[14.01107,42.314658],[14.011024,42.314847],[14.010967,42.315026],[14.01077,42.315196],[14.010526,42.315315],[14.010428,42.315517],[14.010614,42.315681],[14.010581,42.315861],[14.010721,42.316019],[14.01084,42.316187],[14.010743,42.316546],[14.010595,42.316685],[14.010583,42.316869],[14.010686,42.317068],[14.010556,42.317252],[14.010283,42.317263],[14.010039,42.317337],[14.009766,42.317308],[14.009538,42.31736],[14.009471,42.317576],[14.009366,42.317894],[14.009132,42.318063],[14.008898,42.318143],[14.008599,42.318216],[14.008321,42.318331],[14.007774,42.31843],[14.007475,42.31849],[14.006968,42.318351],[14.006726,42.318286],[14.006403,42.318233],[14.006126,42.31829],[14.005889,42.318504],[14.005803,42.318715],[14.005625,42.318853],[14.005403,42.318918],[14.005124,42.319069],[14.004858,42.319058],[14.004546,42.319019],[14.004235,42.319079],[14.003975,42.319217],[14.003718,42.319385],[14.003488,42.319546],[14.003267,42.31971],[14.003052,42.319857],[14.002847,42.319977],[14.002579,42.320051],[14.002338,42.320107],[14.002066,42.320249],[14.002002,42.320451],[14.002026,42.320672],[14.002123,42.320844],[14.002246,42.321142],[14.002399,42.321427],[14.002556,42.321672],[14.00261,42.321879],[14.002784,42.322061],[14.002979,42.322189],[14.003154,42.322424],[14.003166,42.322659],[14.003138,42.322861],[14.003051,42.323166],[14.002988,42.323342],[14.0026,42.323879],[14.002854,42.323939],[14.003132,42.324014],[14.003443,42.324102],[14.004068,42.324324],[14.004342,42.324407],[14.004662,42.324504],[14.004967,42.324602],[14.005209,42.324689],[14.005441,42.324786],[14.005869,42.324943],[14.006128,42.325075],[14.00749,42.325479],[14.007701,42.325575],[14.007771,42.325761],[14.007731,42.326197],[14.007945,42.326447],[14.008134,42.326561],[14.008371,42.326752],[14.008608,42.326943],[14.008836,42.327107],[14.009052,42.327253],[14.009277,42.327417],[14.009493,42.327568],[14.009699,42.32779],[14.009788,42.328079],[14.009795,42.328268],[14.009888,42.328472],[14.010093,42.328581],[14.010377,42.328638],[14.010637,42.328555],[14.010884,42.32862],[14.011097,42.328788],[14.011595,42.328986],[14.011823,42.329123],[14.012052,42.329242],[14.012192,42.329392],[14.012074,42.329589],[14.011919,42.329777],[14.011841,42.329952],[14.011774,42.330154],[14.011722,42.330329],[14.012178,42.330702],[14.012408,42.330938],[14.012584,42.331129],[14.012721,42.331288],[14.013025,42.331651],[14.013228,42.331832],[14.013536,42.332123],[14.013782,42.332297],[14.013995,42.332442],[14.014212,42.332561],[14.014459,42.332654],[14.014712,42.332782],[14.014974,42.332928],[14.015233,42.333084],[14.015382,42.333233],[14.015458,42.333446],[14.015409,42.333657],[14.015353,42.333918],[14.015279,42.334192],[14.015206,42.334407],[14.014935,42.334477],[14.014889,42.334661],[14.014853,42.334859],[14.014861,42.335116],[14.014876,42.335345],[14.014997,42.335531],[14.015146,42.335681],[14.015131,42.335865],[14.015134,42.336064],[14.015247,42.336227],[14.015417,42.336426],[14.015651,42.336613],[14.015779,42.336776],[14.015861,42.336961],[14.015991,42.337152],[14.016226,42.337316],[14.016411,42.337475],[14.016563,42.337661],[14.0167,42.337806],[14.016881,42.337929],[14.017063,42.338075],[14.017252,42.338252],[14.017428,42.338416],[14.017577,42.338588],[14.017754,42.338738],[14.017925,42.338888],[14.018018,42.339123],[14.018137,42.3393],[14.018343,42.339477],[14.018592,42.339664],[14.018851,42.339828],[14.019043,42.339938],[14.01927,42.340016],[14.019493,42.340117],[14.01954,42.340388],[14.019629,42.340704],[14.019881,42.340702],[14.020143,42.340654],[14.020347,42.340773],[14.020521,42.340946],[14.020701,42.3411],[14.020965,42.341094],[14.021126,42.340861],[14.021266,42.340614],[14.021382,42.340386],[14.021498,42.340157],[14.021614,42.339942],[14.021706,42.339677],[14.021942,42.339535],[14.022211,42.339587],[14.022556,42.339662],[14.022795,42.339727],[14.023054,42.33981],[14.02332,42.339889],[14.023677,42.33996],[14.023937,42.34002],[14.024212,42.340077],[14.024466,42.340142],[14.024721,42.340189],[14.024972,42.340214],[14.025277,42.34032],[14.025319,42.340509],[14.025136,42.340769],[14.025001,42.340921],[14.024846,42.341109],[14.024692,42.341279],[14.024482,42.341452],[14.024325,42.341613],[14.024225,42.341824],[14.024301,42.342014],[14.024452,42.342452],[14.024578,42.342718],[14.024681,42.342913],[14.024848,42.34314],[14.025028,42.343272],[14.025272,42.343395],[14.025516,42.343478],[14.025718,42.343579],[14.025947,42.343689],[14.026173,42.343813],[14.026411,42.343909],[14.026621,42.344073],[14.026636,42.344258],[14.02663,42.344447],[14.02655,42.344942],[14.026488,42.345216],[14.026408,42.345499],[14.026375,42.345827],[14.026456,42.346089],[14.026772,42.346092],[14.027017,42.346161],[14.02727,42.34629],[14.027551,42.34635],[14.02779,42.346398],[14.028129,42.346468],[14.028374,42.346506],[14.028674,42.346536],[14.028953,42.346565],[14.029237,42.346635],[14.029334,42.346825],[14.029524,42.346939],[14.029792,42.347076],[14.030075,42.347209],[14.030337,42.347338],[14.030831,42.347612],[14.031068,42.347767],[14.031089,42.347992],[14.030992,42.348208],[14.030692,42.348552],[14.030507,42.348717],[14.030276,42.348972],[14.030216,42.349084],[14.030107,42.349254],[14.029781,42.349557],[14.029609,42.349691],[14.029363,42.349914],[14.0291,42.3502],[14.028918,42.35041],[14.028717,42.350643],[14.028554,42.350799],[14.02836,42.350941],[14.028114,42.351169],[14.02784,42.351414],[14.027646,42.351584],[14.027461,42.351771],[14.027169,42.352012],[14.02689,42.352208],[14.026675,42.352372],[14.026506,42.352506],[14.02629,42.352707],[14.026031,42.352984],[14.025816,42.353144],[14.02558,42.35334],[14.025349,42.353523],[14.025107,42.353674],[14.024889,42.353843],[14.02468,42.354026],[14.024483,42.354191],[14.024261,42.354428],[14.023993,42.354668],[14.023801,42.354869],[14.023628,42.35508],[14.023485,42.355308],[14.023326,42.355568],[14.023332,42.355789],[14.023384,42.355969],[14.023426,42.35619],[14.023557,42.356362],[14.023681,42.356539],[14.023791,42.35672],[14.02402,42.356803],[14.02429,42.356864],[14.024482,42.356983],[14.024558,42.357195],[14.024569,42.357447],[14.024691,42.357606],[14.024815,42.357827],[14.025189,42.357777],[14.025542,42.357762],[14.025774,42.357818],[14.026095,42.357906],[14.026358,42.357985],[14.026636,42.358037],[14.026872,42.358102],[14.027149,42.358221],[14.027442,42.358354],[14.02774,42.35851],[14.028044,42.358683],[14.028351,42.358848],[14.028637,42.358977],[14.028931,42.359047],[14.029263,42.359153],[14.029568,42.359277],[14.02981,42.359293],[14.030067,42.359209],[14.030343,42.359212],[14.0306,42.359241],[14.030927,42.359302],[14.031254,42.359372],[14.031551,42.359429],[14.031823,42.359472],[14.032153,42.35952],[14.032444,42.359563],[14.032823,42.359629],[14.033204,42.359727],[14.033584,42.359829],[14.033932,42.359917],[14.034256,42.359988],[14.034561,42.360062],[14.034821,42.360155],[14.035102,42.360274],[14.035461,42.360426],[14.03578,42.360563],[14.036013,42.360651],[14.036242,42.360725],[14.036532,42.360822],[14.037039,42.361024],[14.037495,42.361213],[14.03773,42.361278],[14.037981,42.361352],[14.038173,42.361484],[14.038474,42.361478],[14.038723,42.361466],[14.03899,42.361477],[14.039239,42.361516],[14.039526,42.361558],[14.039781,42.361606],[14.040053,42.361648],[14.040324,42.361637],[14.040628,42.361599],[14.040901,42.36157],[14.041248,42.361523],[14.041525,42.361512],[14.041798,42.36151],[14.042093,42.361481],[14.042377,42.36138],[14.042599,42.361305],[14.04288,42.361235],[14.043184,42.361152],[14.043443,42.361109],[14.043607,42.3613],[14.043604,42.361494],[14.043659,42.361715],[14.04374,42.361958],[14.043782,42.362215],[14.043835,42.362495],[14.043907,42.362761],[14.044022,42.362951],[14.04422,42.363111],[14.044447,42.363194],[14.044752,42.363318],[14.045072,42.363433],[14.045387,42.363481],[14.045704,42.363573],[14.045974,42.363756],[14.046218,42.363893],[14.046425,42.364079],[14.046568,42.36426],[14.046742,42.36441],[14.046973,42.364579],[14.047141,42.364711],[14.047207,42.364937],[14.04731,42.36519],[14.047383,42.365379],[14.047471,42.365556],[14.047751,42.365756],[14.047922,42.365888],[14.048055,42.366114],[14.048254,42.366395],[14.048434,42.366554],[14.048672,42.36666],[14.048839,42.36685],[14.048955,42.367022],[14.048991,42.367243],[14.049085,42.36746],[14.049204,42.367623],[14.04924,42.367867],[14.049185,42.368042],[14.049265,42.368223],[14.049385,42.36848],[14.049431,42.368656],[14.049489,42.368842],[14.049486,42.369076],[14.049601,42.369261],[14.049884,42.369642],[14.05012,42.369891],[14.050338,42.370136],[14.050487,42.3703],[14.05063,42.370508],[14.05077,42.370694],[14.05094,42.370875],[14.051098,42.371057],[14.051242,42.371202],[14.051412,42.371388],[14.051721,42.371638],[14.051958,42.371825],[14.052177,42.372007],[14.05233,42.372166],[14.052479,42.372333],[14.052682,42.372542],[14.052901,42.372747],[14.053059,42.372901],[14.053245,42.373074],[14.053367,42.373232],[14.053671,42.373212],[14.053993,42.373179],[14.054329,42.373074],[14.054525,42.372967],[14.05478,42.372794],[14.055088,42.372652],[14.055317,42.372587],[14.05557,42.372521],[14.055868,42.372461],[14.05613,42.372409],[14.05642,42.372343],[14.056658,42.37226],[14.056893,42.372149],[14.057056,42.372006],[14.057046,42.371718],[14.056979,42.371263],[14.056917,42.370947],[14.056879,42.370677],[14.056823,42.370375],[14.056755,42.370032],[14.056752,42.369645],[14.05674,42.369424],[14.056702,42.369081],[14.056691,42.36882],[14.056692,42.368527],[14.056735,42.368149],[14.056765,42.367947],[14.056789,42.367772],[14.056784,42.367515],[14.056763,42.367254],[14.056788,42.366993],[14.056849,42.366768],[14.056938,42.366539],[14.057009,42.366261],[14.057067,42.366013],[14.057131,42.36578],[14.057187,42.365542],[14.057258,42.365258],[14.05735,42.364958],[14.057455,42.364643],[14.057566,42.364333],[14.057665,42.364024],[14.057739,42.363745],[14.057791,42.363475],[14.057823,42.363187],[14.05787,42.362895],[14.058,42.36232],[14.058071,42.362028],[14.058273,42.361493],[14.058344,42.361251]]]]}},
{"type":"Feature","properties":{"id":217,"codice_istat":69008,"nome":"Bucchianico","codice_pro":69,"codice_reg":13,"codice_cm":"z","codice_catastale":"B238"},"geometry":{"type":"MultiPolygon","coordinates":[[[[14.208884,42.345535],[14.208743,42.345138],[14.208745,42.344958],[14.208908,42.344806],[14.209116,42.344668],[14.209354,42.344534],[14.209622,42.344487],[14.209915,42.344642],[14.210123,42.344751],[14.210464,42.344637],[14.210718,42.344431],[14.210935,42.344329],[14.211167,42.344272],[14.211427,42.344283],[14.21167,42.344312],[14.211891,42.344138],[14.211984,42.343954],[14.211969,42.34371],[14.212107,42.343554],[14.212285,42.34342],[14.212442,42.343214],[14.212563,42.343025],[14.212708,42.342873],[14.213018,42.342826],[14.213343,42.342792],[14.213591,42.342636],[14.213862,42.342796],[14.214078,42.342946],[14.214348,42.342979],[14.214523,42.342809],[14.214501,42.342616],[14.21471,42.342428],[14.214892,42.342226],[14.214955,42.342011],[14.214951,42.341804],[14.214936,42.341605],[14.21485,42.341398],[14.21478,42.341204],[14.21467,42.340996],[14.214421,42.34076],[14.214222,42.340637],[14.213985,42.340473],[14.21392,42.340275],[14.214128,42.340145],[14.214366,42.340052],[14.214462,42.339887],[14.214502,42.339666],[14.214483,42.339427],[14.214247,42.339178],[14.214017,42.339068],[14.21384,42.338932],[14.214009,42.338753],[14.214271,42.338687],[14.214609,42.338622],[14.214907,42.338534],[14.215154,42.338414],[14.215393,42.338308],[14.215636,42.338229],[14.215905,42.338095],[14.21608,42.33797],[14.215958,42.33774],[14.215833,42.33755],[14.21572,42.337365],[14.215509,42.337251],[14.21524,42.337163],[14.215004,42.337071],[14.214646,42.337069],[14.214279,42.337094],[14.213962,42.337159],[14.213749,42.337243],[14.213477,42.337372],[14.213167,42.337451],[14.212879,42.337377],[14.212653,42.337488],[14.212466,42.33768],[14.212279,42.3378],[14.21197,42.337771],[14.211726,42.337607],[14.211449,42.337466],[14.211247,42.337325],[14.211126,42.337067],[14.211046,42.336882],[14.210921,42.336688],[14.210754,42.336511],[14.210522,42.336361],[14.210287,42.33622],[14.209991,42.336087],[14.209702,42.335959],[14.20946,42.335831],[14.20957,42.335589],[14.209693,42.335405],[14.209793,42.335194],[14.209841,42.334983],[14.209859,42.334771],[14.209862,42.334515],[14.20989,42.334272],[14.209904,42.334056],[14.209925,42.333849],[14.21013,42.333746],[14.210375,42.333816],[14.210629,42.333907],[14.210893,42.333891],[14.2112,42.333866],[14.211525,42.333837],[14.211571,42.333531],[14.211622,42.333288],[14.211777,42.333096],[14.212052,42.333147],[14.212273,42.332951],[14.212373,42.332726],[14.212551,42.332529],[14.212696,42.332386],[14.212832,42.332189],[14.212989,42.332001],[14.212919,42.331775],[14.212738,42.331648],[14.212426,42.331641],[14.212141,42.331639],[14.211914,42.331561],[14.211619,42.331591],[14.21142,42.331486],[14.211338,42.331301],[14.211191,42.331147],[14.210952,42.331104],[14.210697,42.331098],[14.210431,42.331038],[14.210174,42.330946],[14.209939,42.330782],[14.209747,42.330655],[14.209569,42.330532],[14.209374,42.330373],[14.209185,42.330232],[14.209076,42.329984],[14.209066,42.329786],[14.209011,42.329596],[14.208864,42.329406],[14.208654,42.329233],[14.208434,42.329128],[14.208196,42.328983],[14.208044,42.328734],[14.207787,42.32866],[14.207548,42.328613],[14.207298,42.328495],[14.207109,42.328295],[14.207361,42.328099],[14.207628,42.328069],[14.20785,42.327994],[14.208167,42.327875],[14.208416,42.327885],[14.208695,42.327914],[14.208922,42.327713],[14.209028,42.32748],[14.208976,42.327259],[14.208857,42.327064],[14.208829,42.326866],[14.208944,42.326669],[14.209189,42.326517],[14.209406,42.326361],[14.209431,42.326109],[14.209467,42.325884],[14.209665,42.32576],[14.209901,42.32586],[14.209952,42.326108],[14.209961,42.326379],[14.209946,42.326653],[14.209916,42.326865],[14.209967,42.327117],[14.210031,42.327343],[14.210156,42.32751],[14.21034,42.327642],[14.210492,42.327855],[14.21062,42.328013],[14.210881,42.328019],[14.211174,42.327886],[14.21144,42.327771],[14.211726,42.327665],[14.211892,42.327491],[14.211916,42.327306],[14.211894,42.327081],[14.211839,42.326855],[14.211793,42.326657],[14.211673,42.3263],[14.211595,42.326043],[14.21153,42.325858],[14.211466,42.325628],[14.211366,42.325384],[14.211299,42.325181],[14.21122,42.32496],[14.211144,42.324734],[14.211059,42.324513],[14.210994,42.324332],[14.21092,42.324152],[14.210753,42.3237],[14.210574,42.323249],[14.210464,42.323018],[14.210424,42.322811],[14.210425,42.322532],[14.210391,42.322342],[14.210296,42.322166],[14.210165,42.321958],[14.210049,42.321759],[14.209964,42.321511],[14.209903,42.321326],[14.209818,42.321087],[14.209748,42.320843],[14.209751,42.320618],[14.20976,42.320411],[14.209795,42.320227],[14.209743,42.31983],[14.209742,42.319627],[14.209781,42.319429],[14.209869,42.319214],[14.210026,42.319048],[14.210216,42.318834],[14.21037,42.318637],[14.210494,42.318448],[14.210513,42.318192],[14.210421,42.318015],[14.210149,42.317919],[14.209877,42.317805],[14.20963,42.31765],[14.209491,42.317415],[14.209475,42.317216],[14.209444,42.317009],[14.209371,42.316819],[14.209286,42.316553],[14.209264,42.316359],[14.209231,42.31613],[14.209166,42.315944],[14.209218,42.315706],[14.209263,42.315477],[14.209303,42.315238],[14.20936,42.315036],[14.209619,42.31493],[14.209953,42.314914],[14.210277,42.314921],[14.210605,42.314919],[14.210924,42.314867],[14.211235,42.314793],[14.211956,42.314608],[14.212235,42.314583],[14.212556,42.314644],[14.212856,42.314673],[14.213144,42.314671],[14.213589,42.314498],[14.213872,42.31441],[14.214047,42.314285],[14.213799,42.314198],[14.213527,42.314137],[14.213314,42.313983],[14.213204,42.313748],[14.21303,42.313612],[14.212798,42.313524],[14.21255,42.31341],[14.212431,42.31322],[14.212652,42.313051],[14.212932,42.312931],[14.21349,42.312737],[14.213734,42.312653],[14.214027,42.312479],[14.214069,42.31229],[14.213929,42.312042],[14.213881,42.31178],[14.213869,42.311528],[14.213808,42.311293],[14.213866,42.311033],[14.21405,42.310845],[14.214234,42.31068],[14.214691,42.310295],[14.215048,42.30992],[14.215213,42.309777],[14.21564,42.309397],[14.215781,42.309245],[14.215971,42.309084],[14.216195,42.308887],[14.216443,42.308722],[14.216694,42.308544],[14.216926,42.308379],[14.217192,42.308201],[14.217373,42.30808],[14.21759,42.307938],[14.217923,42.307733],[14.218098,42.307603],[14.218367,42.307358],[14.21857,42.307165],[14.218791,42.306969],[14.219073,42.306705],[14.219208,42.306557],[14.219421,42.306334],[14.219601,42.3062],[14.219831,42.305999],[14.220373,42.305552],[14.220518,42.305409],[14.220629,42.305234],[14.220504,42.305044],[14.220458,42.304832],[14.220391,42.304625],[14.22023,42.304412],[14.22005,42.304231],[14.219614,42.303939],[14.219431,42.303794],[14.219229,42.303649],[14.218995,42.303462],[14.218849,42.30325],[14.218821,42.30302],[14.21877,42.302799],[14.218675,42.302596],[14.218666,42.302384],[14.218827,42.302124],[14.218947,42.301927],[14.219065,42.30172],[14.219264,42.301321],[14.219418,42.301164],[14.219596,42.301003],[14.219707,42.300824],[14.219743,42.300572],[14.21971,42.300365],[14.219709,42.300162],[14.219724,42.299946],[14.219493,42.299755],[14.219368,42.299556],[14.219343,42.299358],[14.219261,42.299155],[14.219098,42.299041],[14.218878,42.298909],[14.218585,42.29884],[14.218411,42.298969],[14.218155,42.299044],[14.217846,42.298992],[14.217596,42.298842],[14.21748,42.298666],[14.21764,42.298509],[14.217794,42.29833],[14.217811,42.298132],[14.217713,42.297956],[14.217577,42.297748],[14.217497,42.297567],[14.217373,42.2973],[14.217242,42.297074],[14.2172,42.296844],[14.217174,42.296664],[14.217019,42.296447],[14.216825,42.296275],[14.216367,42.295956],[14.21619,42.295824],[14.21601,42.295702],[14.215897,42.295521],[14.215905,42.295341],[14.215904,42.295161],[14.215916,42.294976],[14.216039,42.294819],[14.216187,42.294613],[14.216271,42.294411],[14.216338,42.294191],[14.216283,42.293974],[14.216116,42.293717],[14.215946,42.29354],[14.215766,42.29334],[14.215568,42.29315],[14.215419,42.292987],[14.215199,42.292846],[14.214943,42.292745],[14.214768,42.292613],[14.21461,42.292454],[14.214475,42.292305],[14.214326,42.292097],[14.214204,42.291889],[14.213939,42.291774],[14.213642,42.291741],[14.213387,42.291757],[14.21315,42.291787],[14.212901,42.29183],[14.21264,42.291842],[14.212365,42.291782],[14.212081,42.291712],[14.211772,42.291642],[14.211527,42.291641],[14.211279,42.291585],[14.211043,42.29152],[14.210768,42.291428],[14.210585,42.291261],[14.210431,42.291025],[14.210302,42.290871],[14.210153,42.290704],[14.210042,42.290541],[14.209869,42.29031],[14.209735,42.290152],[14.209597,42.289993],[14.209347,42.289874],[14.209104,42.289715],[14.208951,42.289565],[14.20878,42.28937],[14.208632,42.289113],[14.208532,42.288905],[14.208434,42.288697],[14.208364,42.288521],[14.208291,42.288282],[14.208263,42.288052],[14.208275,42.287849],[14.208274,42.287651],[14.208244,42.287439],[14.208198,42.287241],[14.208146,42.287038],[14.207999,42.28687],[14.207797,42.286761],[14.207513,42.286664],[14.207253,42.286627],[14.206981,42.286566],[14.206758,42.286461],[14.206541,42.286334],[14.206365,42.286152],[14.206288,42.28594],[14.206248,42.28576],[14.206239,42.285525],[14.206169,42.285291],[14.206071,42.285114],[14.205908,42.28487],[14.20572,42.284572],[14.205572,42.284355],[14.205393,42.28411],[14.205177,42.283875],[14.204983,42.283644],[14.20481,42.283444],[14.204613,42.283213],[14.204482,42.283005],[14.204218,42.282535],[14.204138,42.282354],[14.204071,42.282129],[14.204038,42.281881],[14.204022,42.281696],[14.203998,42.281228],[14.203979,42.281007],[14.203951,42.280831],[14.203818,42.2806],[14.203665,42.280433],[14.203512,42.280292],[14.203317,42.280142],[14.203128,42.280006],[14.202929,42.279887],[14.202643,42.279795],[14.202379,42.279739],[14.20214,42.279729],[14.201889,42.279718],[14.201604,42.279694],[14.201359,42.279651],[14.201126,42.279605],[14.200576,42.279425],[14.200304,42.279365],[14.199712,42.279217],[14.199431,42.279106],[14.199175,42.278997],[14.198971,42.27886],[14.198852,42.278684],[14.198767,42.278417],[14.198724,42.278219],[14.198681,42.277998],[14.198669,42.277809],[14.198666,42.277291],[14.198651,42.27703],[14.198645,42.276823],[14.19865,42.276629],[14.198602,42.276394],[14.198537,42.276214],[14.198449,42.276011],[14.198337,42.275776],[14.198212,42.275545],[14.198067,42.275301],[14.197896,42.27516],[14.197713,42.27501],[14.197461,42.274801],[14.197185,42.274574],[14.196998,42.274451],[14.196812,42.274297],[14.196626,42.274161],[14.196413,42.273993],[14.196172,42.273874],[14.195825,42.273781],[14.195605,42.273667],[14.195355,42.273553],[14.195038,42.273425],[14.194779,42.273315],[14.194556,42.273187],[14.194298,42.272987],[14.194058,42.272796],[14.193875,42.272588],[14.193738,42.272438],[14.193613,42.272271],[14.193461,42.27204],[14.193293,42.271908],[14.193007,42.271992],[14.192733,42.272107],[14.192461,42.272245],[14.192157,42.272328],[14.191893,42.27234],[14.191604,42.272378],[14.191349,42.272453],[14.191093,42.272564],[14.19087,42.272652],[14.190573,42.272664],[14.190291,42.272698],[14.190038,42.272763],[14.18978,42.272843],[14.189485,42.272908],[14.189267,42.27306],[14.189012,42.273089],[14.188701,42.273015],[14.188384,42.272941],[14.188057,42.272857],[14.187829,42.272734],[14.18752,42.272674],[14.18722,42.272716],[14.18691,42.272773],[14.18661,42.272771],[14.186363,42.272836],[14.186053,42.272929],[14.185732,42.272918],[14.18538,42.272879],[14.184959,42.272867],[14.184647,42.272896],[14.184346,42.27293],[14.184016,42.272914],[14.183733,42.273002],[14.18344,42.27291],[14.183208,42.272814],[14.18291,42.272875],[14.182591,42.272882],[14.182337,42.272857],[14.182087,42.272995],[14.181855,42.273061],[14.181571,42.273045],[14.181222,42.273079],[14.180996,42.272956],[14.180761,42.272801],[14.180499,42.272705],[14.180241,42.272689],[14.179955,42.27257],[14.179762,42.272456],[14.179561,42.272356],[14.17923,42.272349],[14.178913,42.272256],[14.178668,42.272201],[14.178393,42.272194],[14.177897,42.272083],[14.177645,42.272135],[14.177602,42.271945],[14.177596,42.27168],[14.177239,42.271646],[14.176989,42.271747],[14.176714,42.271871],[14.176374,42.271892],[14.176145,42.271831],[14.175775,42.271869],[14.175423,42.271876],[14.175122,42.271937],[14.174884,42.272047],[14.174704,42.27192],[14.1746,42.271726],[14.174463,42.271554],[14.174311,42.271381],[14.174161,42.271205],[14.174055,42.270979],[14.174,42.270785],[14.173858,42.270563],[14.173748,42.27036],[14.173687,42.270148],[14.17356,42.269935],[14.173285,42.269604],[14.173096,42.269441],[14.172824,42.269407],[14.172592,42.269523],[14.172312,42.26962],[14.172042,42.269582],[14.171859,42.269441],[14.171551,42.269367],[14.171269,42.269351],[14.170972,42.269362],[14.170658,42.269257],[14.170466,42.269102],[14.170146,42.269055],[14.169868,42.268994],[14.16966,42.268835],[14.169416,42.26873],[14.169101,42.268759],[14.168905,42.26892],[14.16863,42.269066],[14.168351,42.26906],[14.168122,42.268937],[14.167887,42.268867],[14.16765,42.268915],[14.167379,42.268967],[14.167141,42.268889],[14.166893,42.268797],[14.166647,42.268894],[14.166396,42.268843],[14.166136,42.268756],[14.165793,42.268762],[14.165552,42.268648],[14.165286,42.268646],[14.164958,42.268652],[14.164796,42.268512],[14.164554,42.26851],[14.164303,42.26849],[14.163991,42.268434],[14.163748,42.268468],[14.163519,42.268399],[14.163222,42.268352],[14.163235,42.268536],[14.163239,42.268721],[14.163199,42.268946],[14.163081,42.269148],[14.163009,42.269359],[14.162828,42.269528],[14.16255,42.269472],[14.162475,42.269652],[14.162448,42.26985],[14.162448,42.270057],[14.162439,42.270287],[14.162415,42.270489],[14.1623,42.270673],[14.162183,42.270866],[14.162086,42.271063],[14.162089,42.271257],[14.162156,42.271527],[14.162134,42.271757],[14.162144,42.271955],[14.162172,42.272149],[14.16216,42.272378],[14.161969,42.272539],[14.161768,42.272668],[14.161587,42.272806],[14.161317,42.272818],[14.161047,42.272834],[14.161023,42.273054],[14.160951,42.273239],[14.160761,42.273377],[14.160483,42.273519],[14.160344,42.273752],[14.160316,42.273986],[14.160331,42.274243],[14.16031,42.274436],[14.160176,42.274719],[14.160189,42.274922],[14.160286,42.275098],[14.160332,42.275292],[14.160193,42.275471],[14.159968,42.27555],[14.159698,42.275593],[14.159449,42.275619],[14.159232,42.275739],[14.159275,42.275942],[14.159369,42.276172],[14.159357,42.276356],[14.159248,42.276545],[14.159119,42.276697],[14.158929,42.276853],[14.15879,42.277041],[14.158687,42.277239],[14.158552,42.2774],[14.158058,42.277581],[14.157941,42.277746],[14.157999,42.277931],[14.158096,42.278162],[14.158076,42.278337],[14.157925,42.278489],[14.157753,42.278628],[14.157585,42.278784],[14.157404,42.278931],[14.15731,42.279124],[14.157377,42.279372],[14.157371,42.279588],[14.157157,42.279713],[14.156875,42.279675],[14.156572,42.279682],[14.156323,42.279752],[14.156112,42.279845],[14.155901,42.280001],[14.155608,42.280098],[14.155403,42.28024],[14.155416,42.280421],[14.155316,42.280622],[14.155142,42.280752],[14.154901,42.280858],[14.154633,42.28091],[14.154417,42.280994],[14.154287,42.280989],[14.154353,42.281268],[14.154313,42.281498],[14.154255,42.281754],[14.154021,42.281842],[14.153665,42.281691],[14.15355,42.281893],[14.153559,42.282127],[14.153571,42.282352],[14.153607,42.282591],[14.153617,42.282771],[14.153673,42.283551],[14.153783,42.283727],[14.153969,42.283873],[14.154143,42.284063],[14.154334,42.284231],[14.154756,42.284644],[14.154891,42.284816],[14.155003,42.284983],[14.155088,42.285218],[14.155097,42.285461],[14.155171,42.285633],[14.155292,42.285819],[14.155384,42.286013],[14.155525,42.286347],[14.155646,42.286582],[14.155674,42.28679],[14.155508,42.286946],[14.155255,42.287057],[14.155011,42.28714],[14.154764,42.287224],[14.15446,42.287307],[14.15418,42.287359],[14.153776,42.287433],[14.153524,42.28749],[14.153237,42.287591],[14.152987,42.287693],[14.15268,42.287781],[14.152406,42.287842],[14.15206,42.287866],[14.151811,42.287932],[14.151493,42.288069],[14.151235,42.288117],[14.150883,42.288127],[14.15064,42.288144],[14.150288,42.288204],[14.149877,42.288296],[14.149628,42.288334],[14.149376,42.288355],[14.149045,42.288384],[14.148753,42.288436],[14.148477,42.288474],[14.148161,42.28849],[14.147623,42.288585],[14.147291,42.288682],[14.14689,42.288764],[14.14661,42.288866],[14.146308,42.288999],[14.14573,42.289323],[14.145541,42.289439],[14.145037,42.28971],[14.144777,42.289879],[14.144599,42.290035],[14.144345,42.2902],[14.144043,42.29031],[14.14379,42.290421],[14.143691,42.290587],[14.143712,42.290794],[14.143865,42.290957],[14.144029,42.291102],[14.143999,42.291296],[14.14375,42.29137],[14.143503,42.291427],[14.143031,42.291572],[14.142739,42.291656],[14.142455,42.29182],[14.142344,42.291981],[14.142171,42.292174],[14.141981,42.292303],[14.141791,42.292486],[14.141652,42.292665],[14.141607,42.292845],[14.141538,42.293025],[14.14146,42.2932],[14.141191,42.293526],[14.141143,42.293765],[14.141064,42.293967],[14.141016,42.29416],[14.14098,42.294394],[14.141038,42.29479],[14.141019,42.295056],[14.140983,42.295236],[14.140926,42.295447],[14.140829,42.29564],[14.140693,42.295819],[14.140575,42.296007],[14.140474,42.296299],[14.140428,42.296618],[14.140304,42.29682],[14.139986,42.297007],[14.140004,42.297187],[14.140135,42.297368],[14.14029,42.29759],[14.140375,42.297789],[14.140485,42.297965],[14.140604,42.298146],[14.140771,42.298377],[14.140917,42.298563],[14.140929,42.298766],[14.140686,42.298822],[14.140425,42.298838],[14.140139,42.298863],[14.139814,42.298915],[14.139528,42.298976],[14.139269,42.299059],[14.13902,42.29913],[14.138806,42.299245],[14.138651,42.299442],[14.138524,42.299644],[14.138461,42.29985],[14.138279,42.300056],[14.138113,42.300199],[14.137902,42.300359],[14.137678,42.300515],[14.137479,42.300671],[14.137305,42.300801],[14.137114,42.30097],[14.136893,42.301144],[14.136489,42.301479],[14.136265,42.301653],[14.13609,42.301787],[14.135906,42.301907],[14.135646,42.302071],[14.135402,42.3022],[14.135013,42.302458],[14.13478,42.302628],[14.134557,42.302784],[14.134337,42.302926],[14.134043,42.303095],[14.13382,42.303242],[14.133642,42.303367],[14.133376,42.303536],[14.133153,42.303674],[14.132938,42.303807],[14.132681,42.303981],[14.132452,42.304141],[14.132194,42.304319],[14.131977,42.30448],[14.131765,42.304636],[14.131533,42.304778],[14.131264,42.304961],[14.130764,42.305326],[14.130482,42.30554],[14.130173,42.305709],[14.129721,42.305935],[14.129507,42.306064],[14.129317,42.306207],[14.129088,42.306367],[14.128885,42.306523],[14.128465,42.306876],[14.128232,42.307059],[14.128048,42.307192],[14.127837,42.307353],[14.127601,42.3075],[14.127205,42.30783],[14.127024,42.307972],[14.126837,42.308102],[14.126595,42.30828],[14.126438,42.308436],[14.126278,42.308597],[14.126104,42.308744],[14.125858,42.308936],[14.125671,42.309088],[14.12545,42.309248],[14.125228,42.309328],[14.124879,42.309325],[14.124643,42.309274],[14.124389,42.309258],[14.124088,42.309287],[14.123851,42.309322],[14.123538,42.309351],[14.123309,42.309434],[14.123092,42.309554],[14.122887,42.309679],[14.122728,42.309826],[14.122574,42.309987],[14.122408,42.310153],[14.122012,42.31046],[14.12187,42.31063],[14.121737,42.310841],[14.121511,42.310956],[14.121351,42.311131],[14.12132,42.31136],[14.121506,42.31151],[14.121784,42.31162],[14.122016,42.311694],[14.122212,42.311817],[14.122112,42.311983],[14.121961,42.312175],[14.121831,42.312377],[14.121746,42.312584],[14.121664,42.312799],[14.121566,42.313109],[14.121517,42.313374],[14.121323,42.313972],[14.121232,42.314183],[14.12113,42.314375],[14.120945,42.314581],[14.120664,42.31493],[14.120522,42.315087],[14.120313,42.315279],[14.12018,42.315449],[14.120031,42.315704],[14.119886,42.315906],[14.11974,42.316094],[14.119553,42.316259],[14.119399,42.316411],[14.119218,42.316581],[14.119349,42.316771],[14.119516,42.316961],[14.119675,42.317125],[14.119818,42.317297],[14.119927,42.317491],[14.120019,42.317676],[14.120174,42.318056],[14.120299,42.318255],[14.120503,42.318446],[14.120683,42.318587],[14.120844,42.318755],[14.120975,42.318927],[14.121148,42.319149],[14.121337,42.319317],[14.121726,42.319711],[14.121945,42.319871],[14.12239,42.319933],[14.122709,42.319926],[14.122955,42.31991],[14.123195,42.319867],[14.123444,42.319828],[14.123757,42.319799],[14.124085,42.319788],[14.124443,42.319773],[14.124826,42.319708],[14.125128,42.319629],[14.125377,42.319568],[14.1259,42.319523],[14.126173,42.319534],[14.126587,42.319591],[14.12703,42.319612],[14.127285,42.319596],[14.127688,42.319608],[14.127969,42.319701],[14.128162,42.319819],[14.128379,42.319938],[14.128616,42.320084],[14.128839,42.320247],[14.129046,42.320375],[14.129333,42.320499],[14.129671,42.320565],[14.130014,42.320585],[14.130338,42.320597],[14.130627,42.320594],[14.130967,42.320574],[14.13131,42.320568],[14.131592,42.320588],[14.131858,42.32064],[14.132106,42.3207],[14.132372,42.320734],[14.132655,42.320686],[14.133198,42.320501],[14.133459,42.320445],[14.133785,42.320389],[14.134087,42.320463],[14.134374,42.320542],[14.134622,42.320602],[14.13487,42.320667],[14.135106,42.320736],[14.135368,42.32086],[14.135478,42.321027],[14.135612,42.321213],[14.135805,42.321322],[14.136098,42.321356],[14.13623,42.321506],[14.136267,42.321686],[14.136401,42.32184],[14.136673,42.32191],[14.136926,42.321817],[14.137228,42.32172],[14.137538,42.321682],[14.137815,42.321653],[14.138122,42.321574],[14.138435,42.321522],[14.138735,42.321592],[14.138894,42.321728],[14.138924,42.321909],[14.138974,42.322089],[14.139068,42.322266],[14.139248,42.322429],[14.139505,42.322485],[14.139738,42.322541],[14.139979,42.322633],[14.1402,42.322738],[14.140434,42.32287],[14.140642,42.32298],[14.141164,42.323213],[14.141387,42.323301],[14.141616,42.323401],[14.141854,42.323534],[14.142138,42.323644],[14.142413,42.323732],[14.142694,42.323797],[14.143027,42.323871],[14.143329,42.323937],[14.143849,42.324066],[14.144137,42.32415],[14.14436,42.324237],[14.144604,42.324338],[14.144857,42.324479],[14.145108,42.324594],[14.145663,42.324827],[14.145931,42.324951],[14.146145,42.325047],[14.146456,42.325167],[14.146788,42.325286],[14.147305,42.325443],[14.147549,42.325521],[14.147794,42.325591],[14.148532,42.325754],[14.148856,42.325842],[14.149115,42.325938],[14.149369,42.32603],[14.149644,42.326127],[14.149879,42.326223],[14.150124,42.326306],[14.150359,42.326393],[14.150561,42.326494],[14.150842,42.326636],[14.151083,42.326745],[14.151325,42.326797],[14.151564,42.32683],[14.151661,42.326655],[14.151651,42.326475],[14.15189,42.326526],[14.152131,42.326659],[14.152421,42.326746],[14.15266,42.326793],[14.153255,42.326955],[14.153579,42.327016],[14.153834,42.327031],[14.154349,42.327071],[14.154622,42.327096],[14.155125,42.327122],[14.155371,42.327133],[14.155738,42.327149],[14.156004,42.327187],[14.156323,42.327198],[14.156626,42.327183],[14.156975,42.327208],[14.157332,42.327246],[14.157742,42.327276],[14.158157,42.327297],[14.158509,42.327327],[14.158827,42.327347],[14.159109,42.327376],[14.159418,42.327415],[14.159745,42.327431],[14.160088,42.327424],[14.160389,42.327408],[14.160981,42.327372],[14.161327,42.327361],[14.161676,42.327328],[14.162263,42.327233],[14.162512,42.327194],[14.162756,42.327165],[14.163086,42.327158],[14.163339,42.327101],[14.163579,42.327058],[14.163831,42.327024],[14.164102,42.327008],[14.16443,42.326934],[14.164698,42.326864],[14.165002,42.326816],[14.165243,42.326759],[14.165397,42.326607],[14.16558,42.326487],[14.165704,42.326493],[14.166023,42.326486],[14.166425,42.326372],[14.166769,42.326275],[14.167089,42.326215],[14.167396,42.326167],[14.167724,42.326111],[14.167986,42.326077],[14.168295,42.326043],[14.16856,42.325996],[14.168831,42.325943],[14.169062,42.325887],[14.169354,42.32583],[14.169655,42.32581],[14.169899,42.325695],[14.170535,42.325352],[14.170816,42.325206],[14.171118,42.32505],[14.171402,42.324917],[14.171656,42.324766],[14.171949,42.32462],[14.172232,42.324518],[14.172519,42.324403],[14.172851,42.32428],[14.173208,42.324161],[14.173528,42.324055],[14.173783,42.324007],[14.174045,42.323968],[14.174371,42.323854],[14.174715,42.323775],[14.174995,42.323723],[14.175338,42.323667],[14.175703,42.323625],[14.17598,42.323564],[14.176345,42.323476],[14.176591,42.323446],[14.176878,42.323345],[14.17715,42.323131],[14.17741,42.323241],[14.177519,42.323458],[14.17773,42.323594],[14.178025,42.323551],[14.178312,42.323612],[14.178616,42.323596],[14.178869,42.323526],[14.179095,42.323365],[14.17936,42.323268],[14.179618,42.323247],[14.17992,42.323164],[14.180173,42.32304],[14.180463,42.322934],[14.180807,42.322855],[14.181083,42.322835],[14.181963,42.322638],[14.182255,42.322505],[14.182541,42.322476],[14.182553,42.322688],[14.182551,42.322913],[14.182539,42.323133],[14.182551,42.323318],[14.182479,42.323498],[14.18237,42.323726],[14.182249,42.323915],[14.18208,42.32413],[14.181995,42.32435],[14.182175,42.324518],[14.182465,42.324628],[14.182775,42.324769],[14.183025,42.324929],[14.183165,42.325169],[14.18321,42.325371],[14.18325,42.325592],[14.183266,42.3258],[14.183272,42.326034],[14.183317,42.326286],[14.183372,42.326512],[14.183442,42.326715],[14.183622,42.32686],[14.183855,42.326921],[14.184038,42.327039],[14.184161,42.327193],[14.184295,42.327378],[14.184368,42.327604],[14.184347,42.327838],[14.184187,42.328247],[14.184136,42.32844],[14.184221,42.328648],[14.184389,42.328793],[14.184563,42.328925],[14.184809,42.329134],[14.184956,42.329274],[14.185084,42.329491],[14.185176,42.329663],[14.185295,42.329822],[14.185402,42.330002],[14.185493,42.330233],[14.185609,42.330423],[14.185737,42.330617],[14.185874,42.330794],[14.185975,42.331006],[14.186057,42.331245],[14.186139,42.331431],[14.186234,42.331611],[14.186295,42.331814],[14.186329,42.331999],[14.186534,42.332118],[14.186836,42.332201],[14.187144,42.332316],[14.18741,42.332385],[14.187689,42.332446],[14.187992,42.332493],[14.188323,42.33245],[14.188552,42.332321],[14.189492,42.331932],[14.189933,42.332763],[14.190031,42.332967],[14.190168,42.333125],[14.190388,42.333235],[14.190648,42.3333],[14.190979,42.333343],[14.191214,42.333425],[14.191358,42.333597],[14.191449,42.333783],[14.191422,42.333985],[14.19139,42.334183],[14.191427,42.334377],[14.191533,42.334576],[14.191746,42.334775],[14.191994,42.334867],[14.192229,42.33495],[14.19245,42.335046],[14.192721,42.33521],[14.193046,42.335397],[14.193147,42.335605],[14.193211,42.335794],[14.193253,42.33606],[14.193295,42.336304],[14.193347,42.33657],[14.193401,42.336795],[14.193634,42.336878],[14.193936,42.336781],[14.194113,42.336661],[14.194326,42.336401],[14.194344,42.336203],[14.19435,42.335973],[14.19457,42.335835],[14.194814,42.335927],[14.194991,42.336122],[14.195104,42.336335],[14.195238,42.336484],[14.195318,42.336692],[14.195327,42.336899],[14.195327,42.337106],[14.195474,42.337278],[14.195697,42.337374],[14.196033,42.337453],[14.196281,42.337505],[14.196569,42.337547],[14.196811,42.337607],[14.197095,42.337713],[14.197361,42.337823],[14.197562,42.337964],[14.197844,42.337988],[14.198111,42.338022],[14.198327,42.338176],[14.198364,42.33837],[14.198367,42.3386],[14.19837,42.338847],[14.198471,42.339019],[14.198754,42.338976],[14.199052,42.338911],[14.199306,42.338989],[14.199216,42.339182],[14.199268,42.339367],[14.19943,42.339553],[14.199693,42.339559],[14.199948,42.339561],[14.200223,42.33968],[14.200336,42.339888],[14.200458,42.340073],[14.200726,42.340251],[14.201038,42.340298],[14.201292,42.340372],[14.201558,42.340446],[14.201823,42.340569],[14.20205,42.340661],[14.202328,42.340766],[14.202538,42.340934],[14.202803,42.341094],[14.203075,42.341195],[14.203319,42.341341],[14.203426,42.34153],[14.203523,42.34177],[14.203556,42.342004],[14.20368,42.342568],[14.203807,42.343015],[14.203913,42.343308],[14.204047,42.343529],[14.20412,42.343733],[14.204206,42.343918],[14.204294,42.344117],[14.204368,42.344288],[14.204572,42.344713],[14.204694,42.344921],[14.204937,42.345139],[14.205212,42.345226],[14.205486,42.345188],[14.205741,42.34518],[14.206,42.345353],[14.206046,42.345534],[14.205889,42.345722],[14.205674,42.345869],[14.205481,42.346021],[14.20524,42.346131],[14.205171,42.346311],[14.205217,42.346555],[14.205388,42.346695],[14.205896,42.346807],[14.206144,42.346876],[14.206346,42.347044],[14.206389,42.34722],[14.206286,42.347431],[14.206183,42.34766],[14.206032,42.347821],[14.205887,42.347987],[14.205819,42.348139],[14.205902,42.348252],[14.206169,42.348286],[14.206439,42.348297],[14.206679,42.348253],[14.206965,42.34821],[14.207264,42.348073],[14.207519,42.347885],[14.207733,42.347761],[14.207931,42.347649],[14.208187,42.347552],[14.208446,42.347473],[14.208645,42.347339],[14.208817,42.34721],[14.209037,42.347072],[14.209273,42.346911],[14.209376,42.346655],[14.209264,42.346411],[14.20913,42.346199],[14.209011,42.345986],[14.208914,42.345734],[14.208884,42.345535]]]]}},
{"type":"Feature","properties":{"id":225,"codice_istat":69016,"nome":"Casalincontrada","codice_pro":69,"codice_reg":13,"codice_cm":"z","codice_catastale":"B896"},"geometry":{"type":"MultiPolygon","coordinates":[[[[14.105358,42.316996],[14.105563,42.316871],[14.105755,42.316751],[14.105929,42.316915],[14.106109,42.317051],[14.106348,42.317143],[14.106571,42.317226],[14.106912,42.317359],[14.107202,42.317465],[14.107452,42.317566],[14.107708,42.317671],[14.107907,42.317781],[14.108184,42.317941],[14.108431,42.31806],[14.108858,42.318302],[14.10909,42.318407],[14.109401,42.318518],[14.109689,42.318569],[14.109946,42.31863],[14.110226,42.318573],[14.110515,42.318517],[14.110778,42.318519],[14.111018,42.318535],[14.111318,42.318564],[14.111639,42.318584],[14.111949,42.318573],[14.112237,42.318558],[14.112544,42.318546],[14.112841,42.318562],[14.113131,42.31861],[14.113449,42.318675],[14.113788,42.318745],[14.114081,42.318824],[14.114344,42.318907],[14.114634,42.319008],[14.114866,42.319069],[14.115101,42.319183],[14.115291,42.319315],[14.115495,42.319434],[14.115766,42.319593],[14.116049,42.319758],[14.116368,42.319913],[14.116676,42.320069],[14.116968,42.320211],[14.117212,42.320316],[14.117444,42.320408],[14.117701,42.320522],[14.117902,42.320632],[14.118147,42.320711],[14.118468,42.320727],[14.118709,42.320688],[14.118971,42.320618],[14.119208,42.320548],[14.119491,42.320478],[14.119777,42.320444],[14.120059,42.320424],[14.120312,42.320394],[14.120612,42.32036],[14.120913,42.320309],[14.121178,42.320257],[14.121458,42.320218],[14.12171,42.320166],[14.121894,42.32005],[14.121945,42.319871],[14.121726,42.319711],[14.121337,42.319317],[14.121148,42.319149],[14.120975,42.318927],[14.120844,42.318755],[14.120683,42.318587],[14.120503,42.318446],[14.120299,42.318255],[14.120174,42.318056],[14.120019,42.317676],[14.119927,42.317491],[14.119818,42.317297],[14.119675,42.317125],[14.119516,42.316961],[14.119349,42.316771],[14.119218,42.316581],[14.119399,42.316411],[14.119553,42.316259],[14.11974,42.316094],[14.119886,42.315906],[14.120031,42.315704],[14.12018,42.315449],[14.120313,42.315279],[14.120522,42.315087],[14.120664,42.31493],[14.120945,42.314581],[14.12113,42.314375],[14.121232,42.314183],[14.121323,42.313972],[14.121517,42.313374],[14.121566,42.313109],[14.121664,42.312799],[14.121746,42.312584],[14.121831,42.312377],[14.121961,42.312175],[14.122112,42.311983],[14.122212,42.311817],[14.122016,42.311694],[14.121784,42.31162],[14.121506,42.31151],[14.12132,42.31136],[14.121351,42.311131],[14.121511,42.310956],[14.121737,42.310841],[14.12187,42.31063],[14.122012,42.31046],[14.122408,42.310153],[14.122574,42.309987],[14.122728,42.309826],[14.122887,42.309679],[14.123092,42.309554],[14.123309,42.309434],[14.123538,42.309351],[14.123851,42.309322],[14.124088,42.309287],[14.124389,42.309258],[14.124643,42.309274],[14.124879,42.309325],[14.125228,42.309328],[14.12545,42.309248],[14.125671,42.309088],[14.125858,42.308936],[14.126104,42.308744],[14.126278,42.308597],[14.126438,42.308436],[14.126595,42.30828],[14.126837,42.308102],[14.127024,42.307972],[14.127205,42.30783],[14.127601,42.3075],[14.127837,42.307353],[14.128048,42.307192],[14.128232,42.307059],[14.128465,42.306876],[14.128885,42.306523],[14.129088,42.306367],[14.129317,42.306207],[14.129507,42.306064],[14.129721,42.305935],[14.130173,42.305709],[14.130482,42.30554],[14.130764,42.305326],[14.131264,42.304961],[14.131533,42.304778],[14.131765,42.304636],[14.131977,42.30448],[14.132194,42.304319],[14.132452,42.304141],[14.132681,42.303981],[14.132938,42.303807],[14.133153,42.303674],[14.133376,42.303536],[14.133642,42.303367],[14.13382,42.303242],[14.134043,42.303095],[14.134337,42.302926],[14.134557,42.302784],[14.13478,42.302628],[14.135013,42.302458],[14.135402,42.3022],[14.135646,42.302071],[14.135906,42.301907],[14.13609,42.301787],[14.136265,42.301653],[14.136489,42.301479],[14.136893,42.301144],[14.137114,42.30097],[14.137305,42.300801],[14.137479,42.300671],[14.137678,42.300515],[14.137902,42.300359],[14.138113,42.300199],[14.138279,42.300056],[14.138461,42.29985],[14.138524,42.299644],[14.138651,42.299442],[14.138806,42.299245],[14.13902,42.29913],[14.139269,42.299059],[14.139528,42.298976],[14.139814,42.298915],[14.140139,42.298863],[14.140425,42.298838],[14.140686,42.298822],[14.140929,42.298766],[14.140917,42.298563],[14.140771,42.298377],[14.140604,42.298146],[14.140485,42.297965],[14.140375,42.297789],[14.14029,42.29759],[14.140135,42.297368],[14.140004,42.297187],[14.139986,42.297007],[14.140304,42.29682],[14.140428,42.296618],[14.140474,42.296299],[14.140575,42.296007],[14.140693,42.295819],[14.140829,42.29564],[14.140926,42.295447],[14.140983,42.295236],[14.141019,42.295056],[14.141038,42.29479],[14.14098,42.294394],[14.141016,42.29416],[14.141064,42.293967],[14.141143,42.293765],[14.141191,42.293526],[14.14146,42.2932],[14.141538,42.293025],[14.141607,42.292845],[14.141652,42.292665],[14.141791,42.292486],[14.141981,42.292303],[14.142171,42.292174],[14.142344,42.291981],[14.142455,42.29182],[14.142739,42.291656],[14.143031,42.291572],[14.143503,42.291427],[14.14375,42.29137],[14.143999,42.291296],[14.144029,42.291102],[14.143865,42.290957],[14.143712,42.290794],[14.143691,42.290587],[14.14379,42.290421],[14.144043,42.29031],[14.144345,42.2902],[14.144599,42.290035],[14.144777,42.289879],[14.145037,42.28971],[14.145541,42.289439],[14.14573,42.289323],[14.146308,42.288999],[14.14661,42.288866],[14.14689,42.288764],[14.147291,42.288682],[14.147623,42.288585],[14.148161,42.28849],[14.148477,42.288474],[14.148753,42.288436],[14.149045,42.288384],[14.149376,42.288355],[14.149628,42.288334],[14.149877,42.288296],[14.150288,42.288204],[14.15064,42.288144],[14.150883,42.288127],[14.151235,42.288117],[14.151493,42.288069],[14.151811,42.287932],[14.15206,42.287866],[14.152406,42.287842],[14.15268,42.287781],[14.152987,42.287693],[14.153237,42.287591],[14.153524,42.28749],[14.153776,42.287433],[14.15418,42.287359],[14.15446,42.287307],[14.154764,42.287224],[14.155011,42.28714],[14.155255,42.287057],[14.155508,42.286946],[14.155674,42.28679],[14.155646,42.286582],[14.155525,42.286347],[14.155384,42.286013],[14.155292,42.285819],[14.155171,42.285633],[14.155097,42.285461],[14.155088,42.285218],[14.155003,42.284983],[14.154891,42.284816],[14.154756,42.284644],[14.154334,42.284231],[14.154143,42.284063],[14.153969,42.283873],[14.153783,42.283727],[14.153673,42.283551],[14.153617,42.282771],[14.153607,42.282591],[14.153571,42.282352],[14.153559,42.282127],[14.15355,42.281893],[14.153665,42.281691],[14.154021,42.281842],[14.154255,42.281754],[14.154313,42.281498],[14.154353,42.281268],[14.154287,42.280989],[14.154144,42.280807],[14.15397,42.280676],[14.153677,42.280561],[14.153406,42.280415],[14.153157,42.280219],[14.152815,42.27996],[14.15262,42.279837],[14.152421,42.279696],[14.152133,42.279464],[14.151994,42.279243],[14.15196,42.279017],[14.151936,42.27881],[14.151745,42.278601],[14.15147,42.278482],[14.150953,42.27837],[14.150693,42.278346],[14.150396,42.278335],[14.150133,42.278319],[14.149414,42.278309],[14.149102,42.27828],[14.148818,42.278246],[14.148524,42.278456],[14.1484,42.278617],[14.148172,42.278678],[14.147913,42.278586],[14.147675,42.278427],[14.147323,42.278271],[14.14707,42.278125],[14.146752,42.277916],[14.146547,42.277802],[14.146199,42.277732],[14.145928,42.277635],[14.145692,42.277543],[14.145163,42.277913],[14.144994,42.278051],[14.144834,42.278212],[14.144692,42.278418],[14.144586,42.27862],[14.144424,42.278763],[14.144182,42.278689],[14.143963,42.278561],[14.143874,42.278381],[14.143743,42.278195],[14.143297,42.278246],[14.142953,42.278342],[14.142684,42.27852],[14.142437,42.278609],[14.142096,42.27871],[14.141795,42.278784],[14.141402,42.27893],[14.141083,42.278986],[14.140827,42.279042],[14.140725,42.279208],[14.140454,42.279292],[14.140309,42.279471],[14.140053,42.279577],[14.139824,42.279719],[14.13956,42.279902],[14.139323,42.279968],[14.138912,42.280104],[14.138703,42.280274],[14.138376,42.280478],[14.138115,42.280521],[14.137805,42.280551],[14.137562,42.280567],[14.137248,42.280533],[14.137052,42.280428],[14.136881,42.280291],[14.13663,42.280254],[14.136379,42.280234],[14.136085,42.280168],[14.135884,42.280032],[14.135677,42.279886],[14.135424,42.279781],[14.135179,42.279707],[14.134807,42.279614],[14.134556,42.279571],[14.134284,42.279556],[14.134024,42.279486],[14.13381,42.279372],[14.133299,42.279071],[14.133017,42.279037],[14.132642,42.278967],[14.132342,42.278789],[14.132187,42.278567],[14.132114,42.278391],[14.132068,42.278179],[14.13198,42.277971],[14.131822,42.277745],[14.131589,42.277509],[14.131379,42.277395],[14.131132,42.277236],[14.130952,42.277099],[14.130703,42.27694],[14.130489,42.276609],[14.130497,42.276231],[14.130482,42.275988],[14.130358,42.275798],[14.130059,42.275723],[14.12978,42.275676],[14.129454,42.275624],[14.12914,42.275514],[14.128872,42.275363],[14.128598,42.275226],[14.128254,42.275124],[14.127915,42.275041],[14.127375,42.274897],[14.127109,42.274823],[14.126502,42.274629],[14.126212,42.274582],[14.125772,42.274579],[14.125485,42.274554],[14.125255,42.274494],[14.124965,42.27446],[14.124403,42.274505],[14.124122,42.27448],[14.123811,42.274388],[14.123563,42.274301],[14.123245,42.274271],[14.122917,42.274147],[14.122694,42.274051],[14.122234,42.273777],[14.122029,42.273667],[14.121623,42.273417],[14.121422,42.273307],[14.12118,42.273211],[14.120915,42.273132],[14.120666,42.273121],[14.120429,42.273205],[14.120133,42.273333],[14.119907,42.273431],[14.119633,42.273523],[14.119392,42.273647],[14.119129,42.273771],[14.118892,42.273859],[14.11863,42.273961],[14.118215,42.27412],[14.117956,42.274231],[14.117733,42.274332],[14.117461,42.27447],[14.117199,42.274585],[14.116934,42.2747],[14.116668,42.274824],[14.11643,42.274921],[14.116205,42.275005],[14.115665,42.275204],[14.115386,42.275255],[14.115053,42.275019],[14.114814,42.274949],[14.114517,42.27496],[14.114285,42.274837],[14.114062,42.274745],[14.113751,42.274635],[14.113448,42.274624],[14.113155,42.274576],[14.112829,42.274502],[14.112472,42.274431],[14.112079,42.274374],[14.111648,42.274348],[14.11047,42.27429],[14.110222,42.27427],[14.109871,42.274231],[14.109532,42.274188],[14.10925,42.274163],[14.108974,42.274157],[14.108659,42.274172],[14.108398,42.274179],[14.108152,42.274191],[14.107828,42.274206],[14.107572,42.27429],[14.107334,42.274405],[14.107138,42.274507],[14.106958,42.274641],[14.106792,42.274783],[14.106635,42.274935],[14.106502,42.275105],[14.106192,42.275585],[14.106047,42.275804],[14.105935,42.275979],[14.10582,42.276172],[14.105647,42.276414],[14.105472,42.276579],[14.105303,42.276713],[14.105107,42.276887],[14.104917,42.27702],[14.104691,42.27714],[14.104251,42.277407],[14.104013,42.277473],[14.103743,42.277515],[14.10342,42.277589],[14.103167,42.277682],[14.102588,42.277898],[14.102357,42.277968],[14.102113,42.278034],[14.101532,42.278174],[14.101292,42.278262],[14.101054,42.278341],[14.100811,42.278384],[14.100522,42.278418],[14.100195,42.278433],[14.099943,42.278445],[14.09961,42.278415],[14.09927,42.278426],[14.098911,42.278491],[14.098595,42.278565],[14.09787,42.278789],[14.097279,42.279],[14.096978,42.279043],[14.096648,42.279013],[14.096349,42.278916],[14.096094,42.278775],[14.095853,42.278665],[14.095504,42.278671],[14.095218,42.278718],[14.09496,42.278739],[14.094627,42.278759],[14.094345,42.278756],[14.094021,42.278695],[14.093757,42.278752],[14.093537,42.27884],[14.093243,42.27882],[14.093046,42.278643],[14.092732,42.278509],[14.092408,42.278498],[14.09187,42.278399],[14.091555,42.278334],[14.091293,42.278246],[14.091037,42.278131],[14.090832,42.278031],[14.090579,42.277907],[14.090332,42.277842],[14.090096,42.277804],[14.089836,42.277748],[14.0895,42.277705],[14.089242,42.277743],[14.088943,42.277858],[14.088705,42.27796],[14.088494,42.278057],[14.088256,42.278172],[14.088003,42.278251],[14.087669,42.278303],[14.087412,42.278242],[14.087164,42.2782],[14.08691,42.278171],[14.086649,42.278231],[14.086441,42.278329],[14.0862,42.278413],[14.085883,42.27855],[14.085886,42.27873],[14.085987,42.278902],[14.086112,42.279078],[14.086392,42.279211],[14.08662,42.279348],[14.086811,42.279543],[14.087037,42.279644],[14.087395,42.279678],[14.087702,42.279622],[14.087995,42.279706],[14.088291,42.279789],[14.088532,42.279859],[14.088786,42.279901],[14.089083,42.279917],[14.089411,42.279866],[14.089688,42.279836],[14.089987,42.279888],[14.090231,42.279994],[14.090447,42.280121],[14.090685,42.280249],[14.090932,42.2804],[14.091117,42.280545],[14.091325,42.280682],[14.09159,42.280783],[14.091829,42.280844],[14.09208,42.280891],[14.092337,42.280906],[14.09264,42.280918],[14.092979,42.280947],[14.093212,42.281012],[14.093688,42.281187],[14.093942,42.281275],[14.094159,42.281376],[14.094436,42.281495],[14.094655,42.281618],[14.094917,42.281796],[14.095219,42.282077],[14.095432,42.282219],[14.095695,42.282284],[14.095965,42.282259],[14.09622,42.282225],[14.096484,42.2822],[14.096748,42.282189],[14.09704,42.282164],[14.097344,42.28213],[14.097668,42.282106],[14.097967,42.282185],[14.098226,42.282295],[14.098486,42.282378],[14.098764,42.28243],[14.099084,42.28254],[14.099313,42.282618],[14.099585,42.282724],[14.099875,42.282794],[14.100174,42.28285],[14.100391,42.282951],[14.100686,42.283138],[14.100924,42.283216],[14.10121,42.283336],[14.101487,42.283491],[14.101728,42.283601],[14.10196,42.283679],[14.102196,42.283713],[14.102535,42.283751],[14.102737,42.283893],[14.102879,42.284087],[14.103114,42.284247],[14.103367,42.284312],[14.10356,42.284439],[14.103754,42.284617],[14.103821,42.284829],[14.103858,42.285009],[14.103894,42.28523],[14.103925,42.285415],[14.103943,42.285627],[14.103955,42.285865],[14.103961,42.286064],[14.104076,42.286483],[14.104141,42.286659],[14.104174,42.286862],[14.104169,42.287222],[14.104175,42.287412],[14.104251,42.28766],[14.104314,42.287881],[14.104332,42.288115],[14.10432,42.288336],[14.10432,42.288529],[14.104301,42.288813],[14.104113,42.289019],[14.103968,42.28918],[14.103962,42.289405],[14.104114,42.289618],[14.10416,42.289821],[14.104345,42.290011],[14.104463,42.290197],[14.104591,42.290369],[14.104732,42.290541],[14.104884,42.290718],[14.105064,42.290859],[14.105222,42.291009],[14.10549,42.291177],[14.105715,42.291301],[14.105965,42.29142],[14.106186,42.291502],[14.106437,42.291549],[14.106758,42.291579],[14.107037,42.291586],[14.107313,42.291574],[14.107628,42.291541],[14.107874,42.291525],[14.108108,42.291486],[14.108691,42.291432],[14.108999,42.291358],[14.109285,42.291261],[14.109562,42.291159],[14.109812,42.291103],[14.11007,42.291109],[14.110315,42.291147],[14.110576,42.291136],[14.110818,42.291165],[14.111074,42.291279],[14.111314,42.291434],[14.11144,42.291588],[14.111567,42.291774],[14.111686,42.291941],[14.111813,42.292208],[14.111859,42.292407],[14.111907,42.292659],[14.112016,42.292849],[14.11208,42.293034],[14.112099,42.293223],[14.112168,42.293463],[14.112208,42.293657],[14.112193,42.293855],[14.112105,42.294052],[14.111939,42.294235],[14.11186,42.294442],[14.111812,42.294658],[14.111745,42.294873],[14.1116,42.295043],[14.111362,42.295181],[14.111145,42.295287],[14.110915,42.295461],[14.110716,42.295599],[14.11046,42.295935],[14.110324,42.296114],[14.110155,42.296257],[14.109965,42.296386],[14.109606,42.296658],[14.109356,42.296773],[14.1091,42.296883],[14.108886,42.296981],[14.108663,42.297069],[14.108389,42.29718],[14.108093,42.29729],[14.107792,42.297382],[14.10746,42.297479],[14.107228,42.29758],[14.107001,42.297718],[14.106714,42.297905],[14.106503,42.298012],[14.106283,42.298104],[14.106058,42.298197],[14.105746,42.298316],[14.105426,42.298431],[14.105183,42.298479],[14.104913,42.298526],[14.104596,42.298618],[14.104095,42.298844],[14.103826,42.298999],[14.103451,42.299158],[14.10292,42.29937],[14.102719,42.299477],[14.102459,42.299614],[14.102157,42.299729],[14.101548,42.299877],[14.101277,42.299988],[14.101049,42.300198],[14.100968,42.300368],[14.10094,42.300607],[14.100947,42.300809],[14.101004,42.301053],[14.101177,42.301225],[14.101326,42.301407],[14.101438,42.301673],[14.101396,42.301853],[14.101156,42.302045],[14.100912,42.3022],[14.100692,42.302311],[14.100377,42.302453],[14.099781,42.302601],[14.09951,42.302671],[14.099178,42.302763],[14.098871,42.302792],[14.098625,42.302813],[14.098318,42.302842],[14.097994,42.30283],[14.097658,42.30276],[14.097393,42.302673],[14.09712,42.30267],[14.096821,42.302817],[14.096577,42.302882],[14.096221,42.302974],[14.095975,42.303017],[14.095634,42.303064],[14.095339,42.30312],[14.095059,42.303208],[14.094854,42.303333],[14.09463,42.303497],[14.094385,42.303703],[14.094099,42.303939],[14.093823,42.304175],[14.093321,42.304703],[14.093173,42.304864],[14.093013,42.305016],[14.092874,42.305168],[14.092702,42.305306],[14.092549,42.305453],[14.092343,42.305632],[14.092189,42.305774],[14.091993,42.305944],[14.091835,42.30615],[14.091714,42.30632],[14.091563,42.306503],[14.091472,42.306696],[14.091533,42.306913],[14.091667,42.307076],[14.091814,42.307221],[14.092076,42.307341],[14.092329,42.307473],[14.092486,42.307695],[14.092467,42.307938],[14.092367,42.308185],[14.092198,42.308359],[14.09194,42.308524],[14.091742,42.30863],[14.091436,42.308781],[14.091227,42.308964],[14.091063,42.309179],[14.090884,42.309443],[14.090702,42.309613],[14.090481,42.309791],[14.090279,42.309942],[14.089769,42.310204],[14.089545,42.310346],[14.089364,42.310503],[14.089216,42.310677],[14.089094,42.310892],[14.088967,42.311076],[14.088807,42.311268],[14.088635,42.311429],[14.088405,42.311589],[14.088203,42.311709],[14.087959,42.311833],[14.087714,42.311971],[14.087479,42.312059],[14.087226,42.312116],[14.086926,42.312131],[14.086632,42.312124],[14.08637,42.312181],[14.086154,42.31226],[14.085922,42.312326],[14.085714,42.312455],[14.08556,42.312607],[14.0853,42.312767],[14.085049,42.312927],[14.084898,42.313092],[14.084728,42.313302],[14.084585,42.313508],[14.084495,42.313683],[14.084447,42.313863],[14.084402,42.314227],[14.084435,42.314489],[14.084498,42.314692],[14.084541,42.314922],[14.08454,42.315152],[14.084555,42.31557],[14.084543,42.315782],[14.084516,42.316007],[14.084482,42.316268],[14.084287,42.316739],[14.084172,42.3169],[14.084021,42.317097],[14.084256,42.317171],[14.084485,42.317263],[14.08475,42.317225],[14.084964,42.3171],[14.085237,42.316918],[14.085477,42.316852],[14.085818,42.316823],[14.086084,42.316848],[14.086334,42.316949],[14.086639,42.317064],[14.086871,42.317196],[14.087127,42.317293],[14.087332,42.317416],[14.087554,42.317571],[14.087821,42.317767],[14.088086,42.31794],[14.088305,42.318095],[14.088515,42.318218],[14.08878,42.31836],[14.089012,42.318506],[14.089231,42.318674],[14.089462,42.31882],[14.089969,42.319054],[14.090152,42.319177],[14.090329,42.3193],[14.090515,42.31949],[14.090687,42.319703],[14.090864,42.319876],[14.091126,42.320031],[14.091407,42.320119],[14.091583,42.320273],[14.091695,42.320526],[14.091825,42.32078],[14.091977,42.320983],[14.092138,42.321165],[14.092293,42.321351],[14.092533,42.321533],[14.092831,42.32167],[14.093228,42.321916],[14.093469,42.322049],[14.093713,42.322154],[14.094003,42.322238],[14.094257,42.32233],[14.094495,42.322417],[14.094746,42.322514],[14.095008,42.322619],[14.095463,42.322835],[14.095716,42.322963],[14.095942,42.323104],[14.096207,42.323255],[14.096469,42.323378],[14.096679,42.323502],[14.096911,42.323625],[14.097182,42.323564],[14.097225,42.323357],[14.09717,42.323136],[14.09728,42.322894],[14.097443,42.322715],[14.097627,42.322555],[14.097873,42.322354],[14.098149,42.322117],[14.098456,42.321917],[14.098729,42.321672],[14.098929,42.321493],[14.099104,42.321319],[14.099243,42.321167],[14.099522,42.32093],[14.099844,42.320703],[14.10004,42.320579],[14.100313,42.320365],[14.100558,42.320196],[14.100804,42.320022],[14.101114,42.31975],[14.10139,42.319518],[14.101617,42.319357],[14.102129,42.31901],[14.102401,42.318837],[14.102594,42.318712],[14.102977,42.318458],[14.103524,42.318152],[14.10376,42.31801],[14.104023,42.317845],[14.104225,42.317703],[14.104504,42.317534],[14.104721,42.317391],[14.104944,42.317254],[14.105158,42.317134],[14.105358,42.316996]]]]}},
{"type":"Feature","properties":{"id":231,"codice_istat":69022,"nome":"Chieti","codice_pro":69,"codice_reg":13,"codice_cm":"z","codice_catastale":"C632"},"geometry":{"type":"MultiPolygon","coordinates":[[[[14.228408,42.414976],[14.228171,42.414708],[14.227934,42.414432],[14.227784,42.41408],[14.227629,42.4138],[14.227469,42.413501],[14.227273,42.41309],[14.227134,42.412797],[14.226955,42.412552],[14.226736,42.412321],[14.226517,42.412095],[14.226365,42.411828],[14.226187,42.411507],[14.225983,42.411249],[14.225635,42.410675],[14.225406,42.410047],[14.225222,42.409659],[14.225077,42.409316],[14.224905,42.408968],[14.224655,42.408592],[14.224288,42.408302],[14.223946,42.408146],[14.22359,42.407968],[14.223267,42.407808],[14.22295,42.407635],[14.222607,42.407403],[14.222275,42.407239],[14.221975,42.407106],[14.221666,42.406852],[14.22037,42.405722],[14.220027,42.405508],[14.219811,42.405254],[14.219511,42.404987],[14.219276,42.404755],[14.219015,42.40456],[14.218614,42.404283],[14.218091,42.404045],[14.217177,42.403539],[14.216937,42.403348],[14.216334,42.402943],[14.216063,42.402748],[14.215743,42.402583],[14.215469,42.402361],[14.215265,42.402188],[14.214998,42.401943],[14.214604,42.401599],[14.214286,42.401322],[14.213728,42.400733],[14.213459,42.400388],[14.213262,42.40013],[14.213044,42.399818],[14.21275,42.39951],[14.212543,42.399284],[14.212302,42.399036],[14.212273,42.399007],[14.212056,42.39887],[14.211857,42.398743],[14.211665,42.398616],[14.211484,42.39847],[14.211279,42.398343],[14.211038,42.398229],[14.210798,42.398173],[14.210495,42.398135],[14.210243,42.398106],[14.210004,42.398064],[14.209727,42.398075],[14.20946,42.398069],[14.20927,42.397951],[14.209093,42.397805],[14.208909,42.397682],[14.208744,42.397546],[14.208752,42.397348],[14.208922,42.397129],[14.209186,42.396883],[14.209425,42.396727],[14.209561,42.396552],[14.209643,42.396328],[14.209754,42.396166],[14.209917,42.39601],[14.210173,42.395971],[14.210428,42.396],[14.210705,42.395889],[14.210928,42.395792],[14.211121,42.39568],[14.211387,42.395574],[14.211607,42.395666],[14.211806,42.395843],[14.21198,42.395979],[14.212233,42.396134],[14.212438,42.396266],[14.212655,42.39638],[14.212885,42.396463],[14.212956,42.396409],[14.212836,42.396251],[14.212996,42.396072],[14.213186,42.395929],[14.213319,42.395772],[14.213648,42.395455],[14.213763,42.39528],[14.213841,42.395055],[14.213932,42.39484],[14.213996,42.394611],[14.213998,42.39443],[14.214016,42.394205],[14.214167,42.394026],[14.214379,42.393866],[14.214439,42.393673],[14.214356,42.393478],[14.214105,42.393364],[14.21386,42.39329],[14.213553,42.393117],[14.213266,42.392944],[14.212953,42.392744],[14.212449,42.392484],[14.212132,42.392297],[14.211909,42.392165],[14.211668,42.392023],[14.210937,42.391672],[14.210696,42.391549],[14.210147,42.391284],[14.209832,42.391142],[14.209551,42.391036],[14.209253,42.390877],[14.208954,42.390717],[14.208701,42.390544],[14.208497,42.390349],[14.208387,42.390137],[14.208335,42.389911],[14.208299,42.389704],[14.208243,42.389253],[14.20818,42.38901],[14.208121,42.388811],[14.208075,42.388617],[14.207967,42.38831],[14.207773,42.387814],[14.207629,42.387614],[14.207462,42.38737],[14.207353,42.387153],[14.207212,42.386981],[14.207032,42.386813],[14.206603,42.386405],[14.206444,42.386219],[14.206307,42.386047],[14.206096,42.385879],[14.20585,42.385661],[14.20564,42.385475],[14.205424,42.385271],[14.205277,42.385122],[14.204849,42.384623],[14.204615,42.384392],[14.204347,42.384201],[14.204063,42.384046],[14.203777,42.383918],[14.203571,42.383804],[14.203239,42.383653],[14.202931,42.383529],[14.202669,42.383388],[14.202367,42.383242],[14.202146,42.383168],[14.201883,42.383054],[14.201648,42.382935],[14.201431,42.382812],[14.201178,42.382675],[14.200988,42.382548],[14.200759,42.382361],[14.200567,42.38223],[14.200368,42.38212],[14.200129,42.382019],[14.199893,42.38195],[14.199615,42.38184],[14.199416,42.381731],[14.199087,42.381607],[14.19882,42.38156],[14.198547,42.381499],[14.198251,42.381425],[14.19793,42.38136],[14.197375,42.38128],[14.197051,42.381223],[14.196784,42.381167],[14.196478,42.381125],[14.196245,42.381083],[14.196006,42.381004],[14.194783,42.380717],[14.194404,42.380646],[14.194183,42.380577],[14.193998,42.380351],[14.194185,42.380213],[14.194255,42.379947],[14.194321,42.379759],[14.194564,42.379531],[14.194793,42.379442],[14.194983,42.379304],[14.19519,42.379044],[14.195337,42.378901],[14.195449,42.378691],[14.195576,42.378507],[14.195839,42.378396],[14.196425,42.378414],[14.196732,42.378393],[14.196978,42.378346],[14.197148,42.37814],[14.197202,42.37796],[14.197247,42.37774],[14.197271,42.377546],[14.197325,42.377362],[14.197364,42.377177],[14.197439,42.376948],[14.197531,42.376692],[14.197674,42.37641],[14.197734,42.376221],[14.197847,42.375911],[14.198023,42.375687],[14.198246,42.375599],[14.198601,42.375597],[14.198905,42.375626],[14.199168,42.375682],[14.199414,42.375652],[14.199719,42.375604],[14.200334,42.375712],[14.200626,42.375656],[14.200977,42.375708],[14.201254,42.37571],[14.201509,42.375657],[14.201757,42.37556],[14.202021,42.375544],[14.202253,42.375649],[14.202394,42.375799],[14.202612,42.375877],[14.202889,42.375838],[14.203144,42.375849],[14.203428,42.375923],[14.203689,42.37597],[14.203918,42.375859],[14.204164,42.375865],[14.204415,42.375898],[14.204728,42.37591],[14.204998,42.375898],[14.205263,42.375841],[14.205573,42.375803],[14.205811,42.375764],[14.206028,42.375662],[14.206254,42.375542],[14.206548,42.375553],[14.206825,42.375546],[14.207074,42.37553],[14.20731,42.375581],[14.207553,42.375587],[14.207808,42.37558],[14.208088,42.375501],[14.208329,42.375417],[14.208474,42.37526],[14.208661,42.375086],[14.208953,42.375106],[14.209088,42.374936],[14.209354,42.374852],[14.209606,42.37484],[14.209808,42.374711],[14.210007,42.374564],[14.21027,42.374439],[14.210593,42.374361],[14.2109,42.374286],[14.211256,42.37423],[14.211446,42.374101],[14.211515,42.373917],[14.21177,42.373905],[14.212044,42.373884],[14.212271,42.373719],[14.21244,42.373554],[14.212581,42.373402],[14.212727,42.37316],[14.212861,42.372917],[14.212796,42.372701],[14.212914,42.372544],[14.213164,42.372451],[14.213342,42.37229],[14.21342,42.372115],[14.213435,42.371877],[14.213329,42.371673],[14.213264,42.371488],[14.213333,42.371282],[14.213532,42.371166],[14.213778,42.371181],[14.213995,42.371101],[14.213994,42.370899],[14.214048,42.370688],[14.214325,42.370676],[14.214631,42.370701],[14.215157,42.370434],[14.215455,42.370373],[14.215718,42.370222],[14.215853,42.37007],[14.215983,42.369913],[14.216215,42.369824],[14.216529,42.369921],[14.216626,42.369742],[14.216762,42.369549],[14.216843,42.369383],[14.216906,42.369172],[14.216875,42.368969],[14.216698,42.368833],[14.216563,42.368665],[14.216593,42.368481],[14.216662,42.36831],[14.216816,42.368135],[14.216984,42.367997],[14.217189,42.367868],[14.217492,42.367721],[14.217806,42.367575],[14.218077,42.367505],[14.218401,42.36757],[14.218591,42.367711],[14.21882,42.367807],[14.219216,42.367733],[14.219467,42.367591],[14.219675,42.367488],[14.2199,42.367409],[14.220203,42.367231],[14.22037,42.366953],[14.220421,42.366751],[14.220564,42.366553],[14.220816,42.366519],[14.2211,42.366413],[14.221303,42.366207],[14.221523,42.366042],[14.221771,42.366152],[14.222083,42.366204],[14.222194,42.36602],[14.222435,42.365927],[14.222677,42.365784],[14.222728,42.365591],[14.223029,42.365539],[14.223237,42.365649],[14.223541,42.365615],[14.223732,42.365418],[14.223817,42.36518],[14.223822,42.364986],[14.223831,42.364801],[14.223822,42.364549],[14.223621,42.364332],[14.223419,42.364213],[14.223296,42.364046],[14.223265,42.363852],[14.223223,42.363627],[14.223046,42.3634],[14.222713,42.363092],[14.222485,42.362897],[14.222237,42.362787],[14.221989,42.362704],[14.221723,42.362617],[14.221448,42.362565],[14.221171,42.362568],[14.220929,42.362508],[14.220688,42.36238],[14.220492,42.362248],[14.220352,42.362081],[14.220302,42.361891],[14.22026,42.361666],[14.220107,42.361507],[14.219936,42.361312],[14.219798,42.361158],[14.219664,42.36095],[14.219396,42.360786],[14.219168,42.360623],[14.218972,42.360441],[14.218832,42.360283],[14.218715,42.36012],[14.218533,42.359884],[14.218374,42.359708],[14.218122,42.359508],[14.21782,42.359344],[14.217573,42.359216],[14.217374,42.359071],[14.217161,42.358866],[14.216881,42.358729],[14.216602,42.358673],[14.216401,42.358537],[14.216215,42.358342],[14.216044,42.358152],[14.215978,42.357845],[14.215929,42.357656],[14.215823,42.357416],[14.215651,42.357271],[14.215431,42.357189],[14.215283,42.356899],[14.215301,42.35667],[14.21534,42.356422],[14.215294,42.35622],[14.21509,42.356065],[14.214901,42.355888],[14.214797,42.35568],[14.214797,42.355437],[14.214824,42.355208],[14.214834,42.354884],[14.214811,42.354532],[14.214775,42.35428],[14.214628,42.35413],[14.214383,42.354061],[14.214147,42.353983],[14.213918,42.353878],[14.213698,42.353741],[14.213652,42.353498],[14.213759,42.35326],[14.213907,42.353058],[14.213994,42.35286],[14.213891,42.352662],[14.213558,42.352569],[14.213294,42.352568],[14.213053,42.352615],[14.212731,42.352645],[14.212463,42.352503],[14.212268,42.352331],[14.212109,42.352181],[14.211867,42.352053],[14.211642,42.351858],[14.21141,42.351708],[14.211153,42.351648],[14.210863,42.351587],[14.210651,42.351491],[14.210428,42.351355],[14.210113,42.351339],[14.209905,42.351216],[14.209989,42.351032],[14.210098,42.350807],[14.209912,42.35064],[14.209643,42.350602],[14.209382,42.350559],[14.209302,42.350383],[14.209463,42.350177],[14.209602,42.349962],[14.209437,42.349772],[14.209153,42.349716],[14.208843,42.349741],[14.208557,42.349752],[14.208321,42.349705],[14.20807,42.34965],[14.207794,42.34963],[14.2075,42.349601],[14.207311,42.349451],[14.207225,42.349284],[14.207324,42.349086],[14.207455,42.348637],[14.20743,42.34843],[14.207219,42.348275],[14.206965,42.34821],[14.206679,42.348253],[14.206439,42.348297],[14.206169,42.348286],[14.205902,42.348252],[14.205819,42.348139],[14.205887,42.347987],[14.206032,42.347821],[14.206183,42.34766],[14.206286,42.347431],[14.206389,42.34722],[14.206346,42.347044],[14.206144,42.346876],[14.205896,42.346807],[14.205388,42.346695],[14.205217,42.346555],[14.205171,42.346311],[14.20524,42.346131],[14.205481,42.346021],[14.205674,42.345869],[14.205889,42.345722],[14.206046,42.345534],[14.206,42.345353],[14.205741,42.34518],[14.205486,42.345188],[14.205212,42.345226],[14.204937,42.345139],[14.204694,42.344921],[14.204572,42.344713],[14.204368,42.344288],[14.204294,42.344117],[14.204206,42.343918],[14.20412,42.343733],[14.204047,42.343529],[14.203913,42.343308],[14.203807,42.343015],[14.20368,42.342568],[14.203556,42.342004],[14.203523,42.34177],[14.203426,42.34153],[14.203319,42.341341],[14.203075,42.341195],[14.202803,42.341094],[14.202538,42.340934],[14.202328,42.340766],[14.20205,42.340661],[14.201823,42.340569],[14.201558,42.340446],[14.201292,42.340372],[14.201038,42.340298],[14.200726,42.340251],[14.200458,42.340073],[14.200336,42.339888],[14.200223,42.33968],[14.199948,42.339561],[14.199693,42.339559],[14.19943,42.339553],[14.199268,42.339367],[14.199216,42.339182],[14.199306,42.338989],[14.199052,42.338911],[14.198754,42.338976],[14.198471,42.339019],[14.19837,42.338847],[14.198367,42.3386],[14.198364,42.33837],[14.198327,42.338176],[14.198111,42.338022],[14.197844,42.337988],[14.197562,42.337964],[14.197361,42.337823],[14.197095,42.337713],[14.196811,42.337607],[14.196569,42.337547],[14.196281,42.337505],[14.196033,42.337453],[14.195697,42.337374],[14.195474,42.337278],[14.195327,42.337106],[14.195327,42.336899],[14.195318,42.336692],[14.195238,42.336484],[14.195104,42.336335],[14.194991,42.336122],[14.194814,42.335927],[14.19457,42.335835],[14.19435,42.335973],[14.194344,42.336203],[14.194326,42.336401],[14.194113,42.336661],[14.193936,42.336781],[14.193634,42.336878],[14.193401,42.336795],[14.193347,42.33657],[14.193295,42.336304],[14.193253,42.33606],[14.193211,42.335794],[14.193147,42.335605],[14.193046,42.335397],[14.192721,42.33521],[14.19245,42.335046],[14.192229,42.33495],[14.191994,42.334867],[14.191746,42.334775],[14.191533,42.334576],[14.191427,42.334377],[14.19139,42.334183],[14.191422,42.333985],[14.191449,42.333783],[14.191358,42.333597],[14.191214,42.333425],[14.190979,42.333343],[14.190648,42.3333],[14.190388,42.333235],[14.190168,42.333125],[14.190031,42.332967],[14.189933,42.332763],[14.189492,42.331932],[14.188552,42.332321],[14.188323,42.33245],[14.187992,42.332493],[14.187689,42.332446],[14.18741,42.332385],[14.187144,42.332316],[14.186836,42.332201],[14.186534,42.332118],[14.186329,42.331999],[14.186295,42.331814],[14.186234,42.331611],[14.186139,42.331431],[14.186057,42.331245],[14.185975,42.331006],[14.185874,42.330794],[14.185737,42.330617],[14.185609,42.330423],[14.185493,42.330233],[14.185402,42.330002],[14.185295,42.329822],[14.185176,42.329663],[14.185084,42.329491],[14.184956,42.329274],[14.184809,42.329134],[14.184563,42.328925],[14.184389,42.328793],[14.184221,42.328648],[14.184136,42.32844],[14.184187,42.328247],[14.184347,42.327838],[14.184368,42.327604],[14.184295,42.327378],[14.184161,42.327193],[14.184038,42.327039],[14.183855,42.326921],[14.183622,42.32686],[14.183442,42.326715],[14.183372,42.326512],[14.183317,42.326286],[14.183272,42.326034],[14.183266,42.3258],[14.18325,42.325592],[14.18321,42.325371],[14.183165,42.325169],[14.183025,42.324929],[14.182775,42.324769],[14.182465,42.324628],[14.182175,42.324518],[14.181995,42.32435],[14.18208,42.32413],[14.182249,42.323915],[14.18237,42.323726],[14.182479,42.323498],[14.182551,42.323318],[14.182539,42.323133],[14.182551,42.322913],[14.182553,42.322688],[14.182541,42.322476],[14.182255,42.322505],[14.181963,42.322638],[14.181083,42.322835],[14.180807,42.322855],[14.180463,42.322934],[14.180173,42.32304],[14.17992,42.323164],[14.179618,42.323247],[14.17936,42.323268],[14.179095,42.323365],[14.178869,42.323526],[14.178616,42.323596],[14.178312,42.323612],[14.178025,42.323551],[14.17773,42.323594],[14.177519,42.323458],[14.17741,42.323241],[14.17715,42.323131],[14.176878,42.323345],[14.176591,42.323446],[14.176345,42.323476],[14.17598,42.323564],[14.175703,42.323625],[14.175338,42.323667],[14.174995,42.323723],[14.174715,42.323775],[14.174371,42.323854],[14.174045,42.323968],[14.173783,42.324007],[14.173528,42.324055],[14.173208,42.324161],[14.172851,42.32428],[14.172519,42.324403],[14.172232,42.324518],[14.171949,42.32462],[14.171656,42.324766],[14.171402,42.324917],[14.171118,42.32505],[14.170816,42.325206],[14.170535,42.325352],[14.169899,42.325695],[14.169655,42.32581],[14.169354,42.32583],[14.169062,42.325887],[14.168831,42.325943],[14.16856,42.325996],[14.168295,42.326043],[14.167986,42.326077],[14.167724,42.326111],[14.167396,42.326167],[14.167089,42.326215],[14.166769,42.326275],[14.166425,42.326372],[14.166023,42.326486],[14.165704,42.326493],[14.16558,42.326487],[14.165397,42.326607],[14.165243,42.326759],[14.165002,42.326816],[14.164698,42.326864],[14.16443,42.326934],[14.164102,42.327008],[14.163831,42.327024],[14.163579,42.327058],[14.163339,42.327101],[14.163086,42.327158],[14.162756,42.327165],[14.162512,42.327194],[14.162263,42.327233],[14.161676,42.327328],[14.161327,42.327361],[14.160981,42.327372],[14.160389,42.327408],[14.160088,42.327424],[14.159745,42.327431],[14.159418,42.327415],[14.159109,42.327376],[14.158827,42.327347],[14.158509,42.327327],[14.158157,42.327297],[14.157742,42.327276],[14.157332,42.327246],[14.156975,42.327208],[14.156626,42.327183],[14.156323,42.327198],[14.156004,42.327187],[14.155738,42.327149],[14.155371,42.327133],[14.155125,42.327122],[14.154622,42.327096],[14.154349,42.327071],[14.153834,42.327031],[14.153579,42.327016],[14.153255,42.326955],[14.15266,42.326793],[14.152421,42.326746],[14.152131,42.326659],[14.15189,42.326526],[14.151651,42.326475],[14.151661,42.326655],[14.151564,42.32683],[14.151325,42.326797],[14.151083,42.326745],[14.150842,42.326636],[14.150561,42.326494],[14.150359,42.326393],[14.150124,42.326306],[14.149879,42.326223],[14.149644,42.326127],[14.149369,42.32603],[14.149115,42.325938],[14.148856,42.325842],[14.148532,42.325754],[14.147794,42.325591],[14.147549,42.325521],[14.147305,42.325443],[14.146788,42.325286],[14.146456,42.325167],[14.146145,42.325047],[14.145931,42.324951],[14.145663,42.324827],[14.145108,42.324594],[14.144857,42.324479],[14.144604,42.324338],[14.14436,42.324237],[14.144137,42.32415],[14.143849,42.324066],[14.143329,42.323937],[14.143027,42.323871],[14.142694,42.323797],[14.142413,42.323732],[14.142138,42.323644],[14.141854,42.323534],[14.141616,42.323401],[14.141387,42.323301],[14.141164,42.323213],[14.140642,42.32298],[14.140434,42.32287],[14.1402,42.322738],[14.139979,42.322633],[14.139738,42.322541],[14.139505,42.322485],[14.139248,42.322429],[14.139068,42.322266],[14.138974,42.322089],[14.138924,42.321909],[14.138894,42.321728],[14.138735,42.321592],[14.138435,42.321522],[14.138122,42.321574],[14.137815,42.321653],[14.137538,42.321682],[14.137228,42.32172],[14.136926,42.321817],[14.136673,42.32191],[14.136401,42.32184],[14.136267,42.321686],[14.13623,42.321506],[14.136098,42.321356],[14.135805,42.321322],[14.135612,42.321213],[14.135478,42.321027],[14.135368,42.32086],[14.135106,42.320736],[14.13487,42.320667],[14.134622,42.320602],[14.134374,42.320542],[14.134087,42.320463],[14.133785,42.320389],[14.133459,42.320445],[14.133198,42.320501],[14.132655,42.320686],[14.132372,42.320734],[14.132106,42.3207],[14.131858,42.32064],[14.131592,42.320588],[14.13131,42.320568],[14.130967,42.320574],[14.130627,42.320594],[14.130338,42.320597],[14.130014,42.320585],[14.129671,42.320565],[14.129333,42.320499],[14.129046,42.320375],[14.128839,42.320247],[14.128616,42.320084],[14.128379,42.319938],[14.128162,42.319819],[14.127969,42.319701],[14.127688,42.319608],[14.127285,42.319596],[14.12703,42.319612],[14.126587,42.319591],[14.126173,42.319534],[14.1259,42.319523],[14.125377,42.319568],[14.125128,42.319629],[14.124826,42.319708],[14.124443,42.319773],[14.124085,42.319788],[14.123757,42.319799],[14.123444,42.319828],[14.123195,42.319867],[14.122955,42.31991],[14.122709,42.319926],[14.12239,42.319933],[14.121945,42.319871],[14.121894,42.32005],[14.12171,42.320166],[14.121458,42.320218],[14.121178,42.320257],[14.120913,42.320309],[14.120612,42.32036],[14.120312,42.320394],[14.120059,42.320424],[14.119777,42.320444],[14.119491,42.320478],[14.119208,42.320548],[14.118971,42.320618],[14.118709,42.320688],[14.118468,42.320727],[14.118147,42.320711],[14.117902,42.320632],[14.117701,42.320522],[14.117444,42.320408],[14.117212,42.320316],[14.116968,42.320211],[14.116676,42.320069],[14.116368,42.319913],[14.116049,42.319758],[14.115766,42.319593],[14.115495,42.319434],[14.115291,42.319315],[14.115101,42.319183],[14.114866,42.319069],[14.114634,42.319008],[14.114344,42.318907],[14.114081,42.318824],[14.113788,42.318745],[14.113449,42.318675],[14.113131,42.31861],[14.112841,42.318562],[14.112544,42.318546],[14.112237,42.318558],[14.111949,42.318573],[14.111639,42.318584],[14.111318,42.318564],[14.111018,42.318535],[14.110778,42.318519],[14.110515,42.318517],[14.110226,42.318573],[14.109946,42.31863],[14.109689,42.318569],[14.109401,42.318518],[14.10909,42.318407],[14.108858,42.318302],[14.108431,42.31806],[14.108184,42.317941],[14.107907,42.317781],[14.107708,42.317671],[14.107452,42.317566],[14.107202,42.317465],[14.106912,42.317359],[14.106571,42.317226],[14.106348,42.317143],[14.106109,42.317051],[14.105929,42.316915],[14.105755,42.316751],[14.105563,42.316871],[14.105358,42.316996],[14.105158,42.317134],[14.104944,42.317254],[14.104721,42.317391],[14.104504,42.317534],[14.104225,42.317703],[14.104023,42.317845],[14.10376,42.31801],[14.103524,42.318152],[14.102977,42.318458],[14.102594,42.318712],[14.102401,42.318837],[14.102129,42.31901],[14.101617,42.319357],[14.10139,42.319518],[14.101114,42.31975],[14.100804,42.320022],[14.100558,42.320196],[14.100313,42.320365],[14.10004,42.320579],[14.099844,42.320703],[14.099522,42.32093],[14.099243,42.321167],[14.099104,42.321319],[14.098929,42.321493],[14.098729,42.321672],[14.098456,42.321917],[14.098149,42.322117],[14.097873,42.322354],[14.097627,42.322555],[14.097443,42.322715],[14.09728,42.322894],[14.09717,42.323136],[14.097225,42.323357],[14.097182,42.323564],[14.096911,42.323625],[14.096679,42.323502],[14.096469,42.323378],[14.096207,42.323255],[14.095942,42.323104],[14.095716,42.322963],[14.095463,42.322835],[14.095008,42.322619],[14.094746,42.322514],[14.094495,42.322417],[14.094257,42.32233],[14.094003,42.322238],[14.093713,42.322154],[14.093469,42.322049],[14.093228,42.321916],[14.092831,42.32167],[14.092533,42.321533],[14.092293,42.321351],[14.092138,42.321165],[14.091977,42.320983],[14.091825,42.32078],[14.091695,42.320526],[14.091583,42.320273],[14.091407,42.320119],[14.091126,42.320031],[14.090864,42.319876],[14.090687,42.319703],[14.090515,42.31949],[14.090329,42.3193],[14.090152,42.319177],[14.089969,42.319054],[14.089462,42.31882],[14.089231,42.318674],[14.089012,42.318506],[14.08878,42.31836],[14.088515,42.318218],[14.088305,42.318095],[14.088086,42.31794],[14.087821,42.317767],[14.087554,42.317571],[14.087332,42.317416],[14.087127,42.317293],[14.086871,42.317196],[14.086639,42.317064],[14.086334,42.316949],[14.086084,42.316848],[14.085818,42.316823],[14.085477,42.316852],[14.085237,42.316918],[14.084964,42.3171],[14.08475,42.317225],[14.084485,42.317263],[14.084256,42.317171],[14.084021,42.317097],[14.083879,42.317267],[14.083758,42.317424],[14.083637,42.317625],[14.083488,42.31784],[14.083327,42.318096],[14.083247,42.318329],[14.08313,42.318508],[14.082939,42.318642],[14.082816,42.318812],[14.082852,42.319024],[14.083013,42.319201],[14.083132,42.319373],[14.083358,42.319474],[14.083519,42.319678],[14.083458,42.319947],[14.083542,42.320164],[14.083695,42.320319],[14.083689,42.320512],[14.083632,42.320705],[14.083529,42.320903],[14.083382,42.321167],[14.083218,42.321368],[14.083039,42.32161],[14.082951,42.321794],[14.082912,42.321978],[14.082933,42.32219],[14.082967,42.322389],[14.083024,42.322619],[14.083137,42.322809],[14.083311,42.322936],[14.083387,42.323139],[14.083405,42.323338],[14.083318,42.323531],[14.083202,42.323728],[14.083153,42.324209],[14.083125,42.32443],[14.083217,42.324615],[14.083424,42.324797],[14.083457,42.325004],[14.083336,42.325201],[14.083172,42.325421],[14.082886,42.325463],[14.082534,42.325492],[14.082357,42.325527],[14.082172,42.325755],[14.082093,42.32593],[14.08206,42.326128],[14.082066,42.326326],[14.082121,42.326502],[14.082213,42.326674],[14.082332,42.326837],[14.082453,42.327036],[14.082426,42.327252],[14.082298,42.327471],[14.082247,42.327651],[14.082096,42.327857],[14.081963,42.328032],[14.081814,42.328242],[14.081717,42.32843],[14.081615,42.328601],[14.081436,42.328757],[14.081564,42.328924],[14.081765,42.329133],[14.081904,42.329359],[14.082007,42.329594],[14.082095,42.329807],[14.08224,42.330024],[14.082331,42.330259],[14.082358,42.330462],[14.082416,42.330647],[14.082515,42.33072],[14.082649,42.330896],[14.082812,42.330983],[14.082993,42.331016],[14.083415,42.331236],[14.083592,42.331377],[14.083747,42.331545],[14.083933,42.331735],[14.084058,42.331912],[14.084213,42.332102],[14.084371,42.332284],[14.084757,42.332642],[14.084912,42.332806],[14.085062,42.332951],[14.085344,42.333174],[14.085598,42.333257],[14.085877,42.333264],[14.086491,42.333354],[14.086895,42.333357],[14.087213,42.333391],[14.087521,42.33347],[14.087939,42.33355],[14.08836,42.333599],[14.088675,42.333628],[14.088961,42.33363],[14.089234,42.333606],[14.089565,42.333554],[14.089906,42.333507],[14.090201,42.333447],[14.090439,42.333363],[14.090673,42.333315],[14.091224,42.333234],[14.09147,42.3332],[14.09174,42.333193],[14.091992,42.333209],[14.09224,42.333251],[14.092522,42.333262],[14.092825,42.333274],[14.09312,42.333258],[14.093363,42.333242],[14.093652,42.333222],[14.093928,42.333175],[14.094245,42.333132],[14.094509,42.333089],[14.094798,42.333015],[14.095054,42.332972],[14.095318,42.332978],[14.095612,42.333026],[14.095832,42.333113],[14.096097,42.333214],[14.096456,42.333204],[14.096802,42.333184],[14.097118,42.333159],[14.09737,42.33313],[14.097731,42.333119],[14.098013,42.333139],[14.098283,42.33315],[14.098545,42.333112],[14.098846,42.333056],[14.099144,42.332991],[14.099433,42.332921],[14.09978,42.332856],[14.100018,42.332808],[14.100276,42.332765],[14.100549,42.332808],[14.101318,42.332904],[14.101572,42.332942],[14.102111,42.333054],[14.102392,42.333106],[14.102681,42.333257],[14.102886,42.333376],[14.103131,42.333454],[14.103394,42.333524],[14.103657,42.33358],[14.104283,42.333697],[14.104671,42.333763],[14.104925,42.33381],[14.105173,42.333853],[14.105357,42.333719],[14.105605,42.333577],[14.105877,42.333431],[14.106109,42.333369],[14.106391,42.333331],[14.106759,42.333289],[14.107072,42.333237],[14.107377,42.333159],[14.107645,42.333107],[14.107952,42.333077],[14.108295,42.333058],[14.108699,42.333011],[14.108954,42.333],[14.109294,42.332998],[14.109601,42.332982],[14.109829,42.332921],[14.110079,42.332824],[14.110315,42.332677],[14.11052,42.332575],[14.11083,42.332528],[14.111133,42.332571],[14.111421,42.3326],[14.1117,42.332607],[14.111896,42.332478],[14.112137,42.33239],[14.112411,42.332311],[14.112658,42.332209],[14.112907,42.332197],[14.113247,42.332209],[14.113544,42.332189],[14.113803,42.332137],[14.114099,42.332053],[14.11442,42.332056],[14.11472,42.332112],[14.115041,42.332178],[14.115392,42.332212],[14.115649,42.332259],[14.11597,42.332343],[14.116486,42.332518],[14.116694,42.332614],[14.116962,42.332747],[14.117215,42.332875],[14.117484,42.33298],[14.117735,42.333054],[14.117945,42.333222],[14.118188,42.333427],[14.118343,42.333617],[14.118549,42.333826],[14.118689,42.334034],[14.118777,42.334246],[14.118877,42.334459],[14.118857,42.334639],[14.118801,42.334963],[14.118737,42.335165],[14.118676,42.335394],[14.118667,42.335601],[14.118722,42.335799],[14.118694,42.336101],[14.118654,42.336326],[14.118699,42.336592],[14.118808,42.336849],[14.118962,42.337287],[14.119005,42.337517],[14.119101,42.337779],[14.119226,42.337983],[14.119366,42.338137],[14.119522,42.338296],[14.119707,42.338536],[14.119917,42.338713],[14.12013,42.33885],[14.120328,42.338995],[14.120472,42.339168],[14.120562,42.339434],[14.12065,42.339885],[14.120738,42.340066],[14.120955,42.340198],[14.12105,42.340379],[14.121132,42.340582],[14.121282,42.340894],[14.121443,42.341125],[14.121589,42.341306],[14.121644,42.341522],[14.121653,42.341712],[14.121641,42.341928],[14.121631,42.342184],[14.121664,42.342441],[14.121683,42.342653],[14.121722,42.342874],[14.121773,42.343104],[14.121767,42.343311],[14.121774,42.343514],[14.121797,42.343771],[14.121819,42.343951],[14.121929,42.344366],[14.122019,42.344632],[14.122123,42.344831],[14.122193,42.345025],[14.122204,42.345336],[14.122176,42.345606],[14.122124,42.345808],[14.122055,42.346001],[14.12201,42.346186],[14.12198,42.346375],[14.121931,42.346572],[14.12179,42.346738],[14.121699,42.346922],[14.121626,42.347142],[14.121639,42.34734],[14.121773,42.347521],[14.121937,42.347734],[14.122086,42.347888],[14.12231,42.347967],[14.122823,42.347917],[14.123095,42.347838],[14.123553,42.347611],[14.123842,42.347555],[14.124161,42.347513],[14.124457,42.347452],[14.124706,42.347418],[14.12495,42.347338],[14.1252,42.347246],[14.125393,42.347135],[14.12558,42.346965],[14.125725,42.346822],[14.125916,42.346634],[14.126078,42.346496],[14.126332,42.346358],[14.126543,42.346265],[14.126763,42.346186],[14.127016,42.346098],[14.12729,42.346028],[14.127546,42.345949],[14.127799,42.345856],[14.128028,42.345781],[14.128307,42.345797],[14.128549,42.345821],[14.12881,42.345814],[14.129141,42.345853],[14.129383,42.345904],[14.129676,42.346006],[14.129883,42.346156],[14.130051,42.346333],[14.130263,42.346523],[14.130454,42.346759],[14.130573,42.346931],[14.130702,42.347103],[14.13079,42.34727],[14.130702,42.347477],[14.1305,42.347606],[14.130083,42.347927],[14.129862,42.348083],[14.129715,42.348226],[14.129521,42.348449],[14.129318,42.348628],[14.129009,42.349017],[14.128969,42.349076],[14.128779,42.3492],[14.128531,42.349356],[14.128267,42.349516],[14.128075,42.349627],[14.127866,42.349756],[14.127612,42.349921],[14.127285,42.350116],[14.126704,42.350436],[14.126382,42.350618],[14.126053,42.350755],[14.12572,42.35087],[14.125315,42.35097],[14.125059,42.351041],[14.124736,42.351142],[14.124519,42.351275],[14.124283,42.351453],[14.124039,42.351722],[14.123954,42.35196],[14.123904,42.352243],[14.123926,42.352464],[14.124026,42.352658],[14.124163,42.35283],[14.124322,42.353021],[14.12455,42.353203],[14.124788,42.353339],[14.125141,42.35345],[14.125495,42.353529],[14.125865,42.353541],[14.126281,42.353544],[14.126663,42.353606],[14.127007,42.353771],[14.127318,42.35389],[14.127634,42.35405],[14.12787,42.3543],[14.127937,42.354552],[14.127973,42.354791],[14.127818,42.354993],[14.127698,42.355167],[14.127722,42.355366],[14.127759,42.355568],[14.12771,42.355829],[14.127622,42.35604],[14.127515,42.356269],[14.127422,42.356453],[14.127331,42.356641],[14.127195,42.356811],[14.126982,42.357067],[14.126819,42.357254],[14.126585,42.3575],[14.126403,42.357679],[14.126255,42.357817],[14.125997,42.358036],[14.125736,42.358277],[14.125421,42.358464],[14.124964,42.358578],[14.124551,42.358606],[14.124227,42.358545],[14.123955,42.358444],[14.123613,42.358347],[14.123189,42.358262],[14.122811,42.35816],[14.122439,42.358085],[14.122018,42.358037],[14.121541,42.35802],[14.121165,42.358022],[14.120849,42.358037],[14.120551,42.358094],[14.120231,42.358168],[14.119957,42.358251],[14.119703,42.358362],[14.11943,42.358535],[14.119176,42.358682],[14.118861,42.358882],[14.118545,42.359096],[14.118254,42.359283],[14.117981,42.359542],[14.117828,42.359802],[14.117753,42.359986],[14.11768,42.360179],[14.117623,42.360376],[14.117494,42.360709],[14.117363,42.360969],[14.117313,42.361243],[14.117334,42.361491],[14.117401,42.361708],[14.117491,42.361978],[14.117581,42.362258],[14.117761,42.362449],[14.118019,42.362658],[14.118305,42.362845],[14.118564,42.362991],[14.118784,42.363096],[14.119029,42.36317],[14.119338,42.363226],[14.119575,42.363197],[14.11991,42.3631],[14.120226,42.363067],[14.120557,42.363069],[14.120891,42.363054],[14.121289,42.363079],[14.121722,42.363168],[14.121971,42.36335],[14.122159,42.363581],[14.122304,42.363844],[14.122487,42.364435],[14.122538,42.364714],[14.122523,42.364939],[14.122453,42.36515],[14.122304,42.365347],[14.122136,42.365652],[14.122049,42.365845],[14.121994,42.36603],[14.121955,42.366214],[14.121918,42.366533],[14.121906,42.366713],[14.121962,42.367015],[14.122098,42.367318],[14.122218,42.367607],[14.122285,42.367851],[14.122492,42.368042],[14.123077,42.368316],[14.123386,42.368386],[14.12368,42.368406],[14.12392,42.368359],[14.12418,42.368266],[14.124409,42.368169],[14.124659,42.368045],[14.125056,42.367872],[14.125489,42.367772],[14.125878,42.367757],[14.126369,42.367806],[14.126653,42.367889],[14.126747,42.368097],[14.12685,42.368372],[14.126884,42.368742],[14.126817,42.368962],[14.126772,42.369146],[14.126754,42.369344],[14.126755,42.369533],[14.126716,42.369893],[14.126677,42.370109],[14.126653,42.370334],[14.126669,42.370658],[14.126732,42.37096],[14.126823,42.371213],[14.126941,42.37143],[14.127063,42.371652],[14.127273,42.371838],[14.127522,42.371988],[14.12774,42.372076],[14.127923,42.372194],[14.128066,42.372393],[14.128103,42.372601],[14.128102,42.372857],[14.128096,42.373087],[14.128069,42.373312],[14.128068,42.373569],[14.128129,42.37379],[14.128308,42.374052],[14.128362,42.374282],[14.128289,42.374502],[14.128128,42.374726],[14.128024,42.375027],[14.127994,42.375239],[14.127994,42.375437],[14.127997,42.375662],[14.127979,42.375869],[14.127923,42.376206],[14.127852,42.376458],[14.127818,42.376723],[14.127828,42.376908],[14.127807,42.377101],[14.127744,42.377276],[14.127796,42.377452],[14.127929,42.377715],[14.128053,42.377977],[14.128168,42.378189],[14.128341,42.378425],[14.128499,42.378624],[14.128679,42.378837],[14.128855,42.379054],[14.129049,42.379295],[14.129174,42.379462],[14.129345,42.379644],[14.129546,42.379807],[14.129798,42.379998],[14.130005,42.380216],[14.130139,42.38037],[14.130374,42.380732],[14.130484,42.380927],[14.13059,42.381157],[14.130742,42.381406],[14.130874,42.381681],[14.131016,42.381953],[14.131141,42.38217],[14.131304,42.382423],[14.131484,42.382641],[14.131648,42.382822],[14.131798,42.382967],[14.131942,42.383112],[14.13217,42.383308],[14.132362,42.383498],[14.132505,42.383671],[14.132615,42.383833],[14.132707,42.384005],[14.132768,42.38419],[14.132826,42.38438],[14.132847,42.384605],[14.132731,42.38487],[14.132409,42.385354],[14.132327,42.385556],[14.132248,42.385798],[14.132186,42.386086],[14.132151,42.386424],[14.132163,42.386703],[14.132212,42.386892],[14.132358,42.387038],[14.13258,42.387242],[14.132826,42.387473],[14.133313,42.387864],[14.133586,42.388064],[14.133833,42.388242],[14.134034,42.388406],[14.134266,42.388578],[14.134512,42.388747],[14.134766,42.388875],[14.135019,42.389021],[14.135318,42.389172],[14.135601,42.389291],[14.135834,42.389374],[14.136073,42.389443],[14.136319,42.389481],[14.136619,42.389506],[14.136928,42.389522],[14.137251,42.38951],[14.137503,42.389454],[14.137711,42.389356],[14.138165,42.389063],[14.138367,42.388943],[14.13859,42.388827],[14.138844,42.388689],[14.139065,42.388561],[14.139285,42.388427],[14.139572,42.388303],[14.139795,42.388215],[14.140063,42.388154],[14.140318,42.388151],[14.140559,42.388108],[14.140884,42.388074],[14.141225,42.388072],[14.141476,42.388115],[14.141736,42.388166],[14.142023,42.388299],[14.142288,42.388499],[14.142467,42.388726],[14.142577,42.388911],[14.142625,42.389137],[14.142689,42.389385],[14.142793,42.389764],[14.142861,42.390106],[14.142892,42.390287],[14.142932,42.39049],[14.142962,42.390711],[14.142991,42.391035],[14.14297,42.391273],[14.142858,42.391471],[14.142749,42.391632],[14.142661,42.391848],[14.142444,42.392202],[14.14242,42.392422],[14.142454,42.392598],[14.142593,42.392824],[14.142782,42.392983],[14.143057,42.393098],[14.143412,42.393163],[14.143742,42.393215],[14.144003,42.393253],[14.144373,42.393283],[14.144719,42.393268],[14.145069,42.393216],[14.145326,42.393142],[14.145573,42.393049],[14.145724,42.392857],[14.145914,42.392718],[14.146059,42.392566],[14.14618,42.392378],[14.146225,42.392189],[14.146298,42.391978],[14.146237,42.391793],[14.146069,42.391621],[14.145804,42.391457],[14.145578,42.391338],[14.145333,42.391237],[14.145088,42.391145],[14.144899,42.391013],[14.144707,42.390827],[14.144582,42.390619],[14.144485,42.390384],[14.144525,42.390173],[14.144623,42.389885],[14.144726,42.389657],[14.144863,42.389441],[14.145063,42.389186],[14.145234,42.388935],[14.145422,42.388689],[14.145635,42.388475],[14.145835,42.388296],[14.146031,42.388162],[14.14623,42.388047],[14.14646,42.3879],[14.146653,42.387744],[14.146871,42.387574],[14.147071,42.387391],[14.147362,42.387218],[14.147627,42.387143],[14.147941,42.387064],[14.148303,42.387045],[14.148636,42.387106],[14.148838,42.387211],[14.149064,42.387352],[14.149376,42.387651],[14.149552,42.387882],[14.1497,42.388154],[14.149782,42.388402],[14.149814,42.38869],[14.149799,42.388879],[14.149736,42.389068],[14.149551,42.389265],[14.149357,42.389443],[14.14912,42.389703],[14.148662,42.390141],[14.148517,42.390311],[14.148369,42.390476],[14.148244,42.390673],[14.148123,42.390857],[14.148051,42.391068],[14.148062,42.391347],[14.148098,42.391649],[14.148171,42.391871],[14.148262,42.392056],[14.148375,42.392259],[14.148598,42.392378],[14.148834,42.392443],[14.1491,42.392512],[14.149397,42.392591],[14.149693,42.392701],[14.149944,42.392771],[14.150217,42.392831],[14.150537,42.392951],[14.150799,42.39311],[14.151044,42.393229],[14.151343,42.393331],[14.1516,42.393382],[14.151882,42.393443],[14.152128,42.393476],[14.152437,42.393528],[14.152676,42.39357],[14.152916,42.393608],[14.153161,42.393632],[14.153428,42.393675],[14.15374,42.393731],[14.153995,42.393782],[14.154264,42.393838],[14.154491,42.393899],[14.154784,42.393995],[14.155048,42.394047],[14.155318,42.394085],[14.155578,42.394136],[14.155866,42.394165],[14.156164,42.394208],[14.156433,42.394296],[14.156622,42.394414],[14.156866,42.394587],[14.15702,42.394656],[14.157191,42.394828],[14.157402,42.394933],[14.157691,42.394881],[14.157921,42.394752],[14.15817,42.394777],[14.158353,42.394913],[14.158615,42.395077],[14.158867,42.395129],[14.159126,42.395243],[14.159349,42.395371],[14.159634,42.395458],[14.160005,42.395425],[14.160241,42.395242],[14.160401,42.395099],[14.160573,42.394916],[14.160749,42.394724],[14.1609,42.394545],[14.161115,42.39442],[14.161393,42.394296],[14.161587,42.394108],[14.161826,42.393709],[14.161959,42.393535],[14.162107,42.393365],[14.162273,42.393195],[14.162522,42.393003],[14.162743,42.392811],[14.162936,42.392677],[14.163147,42.392575],[14.163428,42.392474],[14.163713,42.392471],[14.163952,42.392523],[14.164264,42.392606],[14.164538,42.392531],[14.164759,42.392421],[14.164973,42.392314],[14.165199,42.392221],[14.165449,42.392097],[14.165661,42.391927],[14.165815,42.391775],[14.165852,42.391744],[14.165934,42.391704],[14.166154,42.391611],[14.166441,42.391505],[14.166694,42.391458],[14.166899,42.391567],[14.167109,42.391771],[14.16721,42.391957],[14.167344,42.392174],[14.167475,42.392364],[14.167748,42.392582],[14.167949,42.392772],[14.168111,42.392967],[14.168294,42.393099],[14.168541,42.393263],[14.168776,42.393404],[14.169059,42.393587],[14.169288,42.393719],[14.169542,42.393847],[14.169774,42.393934],[14.169989,42.393796],[14.170185,42.393631],[14.170366,42.39351],[14.170613,42.393431],[14.170884,42.393393],[14.171116,42.393327],[14.171586,42.39311],[14.171731,42.392966],[14.17184,42.39276],[14.1719,42.392562],[14.171936,42.39236],[14.171997,42.392117],[14.172121,42.391934],[14.172279,42.391696],[14.17241,42.391472],[14.172497,42.391306],[14.172615,42.391104],[14.172829,42.390984],[14.173112,42.390748],[14.173278,42.390564],[14.173548,42.39039],[14.173837,42.390348],[14.174115,42.390192],[14.174342,42.390013],[14.174566,42.389875],[14.17485,42.389783],[14.175093,42.389762],[14.1754,42.389746],[14.175635,42.389645],[14.175894,42.389547],[14.176172,42.389477],[14.176407,42.389371],[14.176678,42.389337],[14.176972,42.38933],[14.177261,42.389359],[14.177554,42.389465],[14.177765,42.389561],[14.178019,42.389653],[14.178337,42.389691],[14.17867,42.38981],[14.178863,42.38992],[14.179065,42.390025],[14.179331,42.390135],[14.179576,42.390186],[14.179858,42.390224],[14.180161,42.390253],[14.180399,42.390201],[14.180686,42.390064],[14.181082,42.389967],[14.181539,42.389912],[14.181865,42.389806],[14.182129,42.389628],[14.182358,42.389513],[14.182563,42.389392],[14.182735,42.389223],[14.182886,42.38908],[14.183239,42.389006],[14.183437,42.389174],[14.18352,42.389345],[14.183587,42.389571],[14.183651,42.389783],[14.183754,42.390027],[14.18387,42.390221],[14.184026,42.390398],[14.184243,42.390535],[14.184335,42.390702],[14.184477,42.390987],[14.184575,42.391149],[14.184679,42.391344],[14.184743,42.391533],[14.184828,42.391768],[14.184856,42.391957],[14.184994,42.392121],[14.18518,42.392275],[14.185321,42.392438],[14.185532,42.392566],[14.185721,42.392684],[14.185914,42.392825],[14.186391,42.393067],[14.186626,42.393199],[14.186888,42.393372],[14.187086,42.393531],[14.187209,42.393717],[14.18742,42.393808],[14.187722,42.393711],[14.188045,42.393597],[14.188392,42.393554],[14.188716,42.393664],[14.188942,42.393783],[14.189171,42.393933],[14.189342,42.394092],[14.189678,42.394396],[14.18984,42.394595],[14.189971,42.394799],[14.190035,42.394984],[14.190039,42.395187],[14.190076,42.395363],[14.190168,42.395548],[14.190274,42.395747],[14.190388,42.395923],[14.190522,42.396104],[14.190644,42.396281],[14.190809,42.396462],[14.190922,42.39662],[14.191063,42.396765],[14.191298,42.396938],[14.191484,42.397079],[14.191582,42.397296],[14.191624,42.397526],[14.191716,42.397729],[14.191918,42.397875],[14.192145,42.397953],[14.192338,42.398058],[14.192536,42.398194],[14.192751,42.398299],[14.19293,42.398539],[14.193107,42.398725],[14.193268,42.398902],[14.19331,42.399028],[14.19333,42.399087],[14.19338,42.399236],[14.19343,42.39934],[14.193501,42.399448],[14.193633,42.399629],[14.193955,42.39987],[14.194114,42.399997],[14.194492,42.400347],[14.194772,42.400556],[14.195188,42.400806],[14.195554,42.40094],[14.196044,42.401128],[14.196516,42.401446],[14.197017,42.401742],[14.197859,42.402374],[14.198179,42.402588],[14.19854,42.402856],[14.198745,42.402993],[14.199164,42.40323],[14.199454,42.403326],[14.199798,42.403563],[14.200058,42.403871],[14.200387,42.404035],[14.200815,42.404268],[14.201138,42.404428],[14.201483,42.404606],[14.201794,42.404739],[14.20208,42.404907],[14.202305,42.405138],[14.202706,42.405425],[14.202762,42.405524],[14.202886,42.405579],[14.202955,42.405634],[14.202886,42.405773],[14.202982,42.405909],[14.203219,42.406113],[14.203246,42.406172],[14.203277,42.406347],[14.203381,42.406551],[14.203419,42.406862],[14.203571,42.406921],[14.203738,42.407143],[14.203904,42.407198],[14.204099,42.407186],[14.204368,42.407265],[14.204619,42.407397],[14.204948,42.407557],[14.205222,42.407721],[14.205392,42.407988],[14.205511,42.408232],[14.205532,42.408452],[14.205656,42.408728],[14.205714,42.40898],[14.20606,42.409244],[14.206314,42.409336],[14.20629,42.409507],[14.206422,42.409706],[14.206631,42.409941],[14.206907,42.410222],[14.207094,42.410341],[14.207317,42.410464],[14.207376,42.41064],[14.207524,42.410727],[14.207888,42.410972],[14.208159,42.411199],[14.208293,42.411412],[14.208388,42.411593],[14.208514,42.41167],[14.20851,42.411782],[14.20855,42.412012],[14.208761,42.412149],[14.208859,42.412303],[14.209026,42.412506],[14.209281,42.412594],[14.209583,42.412744],[14.209675,42.412916],[14.209908,42.413206],[14.210182,42.413402],[14.210474,42.413584],[14.210708,42.413599],[14.211023,42.413664],[14.211563,42.413785],[14.211592,42.413843],[14.211725,42.413894],[14.211946,42.414013],[14.212247,42.414172],[14.212619,42.414359],[14.212976,42.414429],[14.213286,42.41444],[14.213677,42.414313],[14.214137,42.414437],[14.214362,42.414673],[14.214693,42.414711],[14.215049,42.41466],[14.21534,42.414711],[14.21561,42.4147],[14.215827,42.41485],[14.216028,42.415063],[14.216233,42.415208],[14.216497,42.415268],[14.21671,42.415423],[14.216784,42.415604],[14.216925,42.415726],[14.217239,42.415931],[14.217521,42.416181],[14.217859,42.416358],[14.218316,42.416564],[14.218605,42.416742],[14.218706,42.416914],[14.218908,42.417055],[14.219346,42.41753],[14.219392,42.417693],[14.219502,42.417955],[14.219703,42.418136],[14.220121,42.418477],[14.22017,42.418671],[14.220225,42.418941],[14.220441,42.419163],[14.220832,42.419504],[14.221267,42.419435],[14.221482,42.419269],[14.221854,42.41911],[14.22227,42.418951],[14.222596,42.418813],[14.223056,42.418726],[14.22356,42.418532],[14.224603,42.418219],[14.225074,42.417956],[14.225712,42.417754],[14.226085,42.417558],[14.226487,42.417448],[14.227049,42.417204],[14.227692,42.417119],[14.228179,42.416982],[14.228494,42.416885],[14.228889,42.416807],[14.228447,42.416439],[14.22818,42.416149],[14.227986,42.415918],[14.228359,42.415709],[14.228587,42.415477],[14.228804,42.41532],[14.228408,42.414976]]]]}},
{"type":"Feature","properties":{"id":244,"codice_istat":69035,"nome":"Francavilla al Mare","codice_pro":69,"codice_reg":13,"codice_cm":"z","codice_catastale":"D763"},"geometry":{"type":"MultiPolygon","coordinates":[[[[14.283071,42.426709],[14.283515,42.426392],[14.284022,42.426125],[14.284581,42.425877],[14.28488,42.42578],[14.285149,42.425682],[14.285355,42.425454],[14.285678,42.42515],[14.285975,42.424953],[14.286198,42.424788],[14.286706,42.424467],[14.287165,42.424236],[14.287639,42.423955],[14.288021,42.423786],[14.288422,42.423505],[14.28875,42.423296],[14.289196,42.423064],[14.289441,42.422917],[14.289701,42.422752],[14.289934,42.422546],[14.290286,42.422332],[14.290925,42.421949],[14.291076,42.421824],[14.291409,42.42161],[14.291727,42.421414],[14.29212,42.421092],[14.292622,42.420748],[14.292879,42.420588],[14.293213,42.420392],[14.293454,42.420281],[14.293698,42.42021],[14.294187,42.419925],[14.294662,42.419568],[14.295021,42.419286],[14.295534,42.419028],[14.295783,42.418818],[14.296278,42.418524],[14.2973,42.417882],[14.297998,42.417427],[14.298575,42.416953],[14.299375,42.416598],[14.300516,42.416137],[14.301428,42.415534],[14.302793,42.41466],[14.303922,42.414],[14.304879,42.413439],[14.305384,42.413082],[14.306099,42.412712],[14.306905,42.412393],[14.308084,42.411761],[14.309205,42.411025],[14.310079,42.410489],[14.311222,42.409888],[14.312397,42.409378],[14.313383,42.408974],[14.314436,42.408498],[14.315325,42.408107],[14.316118,42.40777],[14.317046,42.407348],[14.318521,42.40642],[14.319307,42.405952],[14.320184,42.405448],[14.321129,42.404895],[14.320906,42.404439],[14.320811,42.40393],[14.320819,42.403489],[14.320711,42.403042],[14.320644,42.402502],[14.320543,42.402001],[14.320402,42.40155],[14.320442,42.401231],[14.320431,42.400825],[14.320364,42.400325],[14.320377,42.399974],[14.320284,42.399577],[14.320293,42.399271],[14.320253,42.399073],[14.32025,42.399022],[14.320231,42.398604],[14.320185,42.398334],[14.320157,42.398122],[14.32004,42.398004],[14.319905,42.397801],[14.319566,42.397376],[14.319418,42.397105],[14.319385,42.396983],[14.319333,42.396789],[14.320066,42.396649],[14.319698,42.395854],[14.321178,42.395489],[14.322183,42.395248],[14.321892,42.394944],[14.321594,42.394713],[14.321474,42.394568],[14.321439,42.394415],[14.321327,42.394392],[14.32119,42.394449],[14.320246,42.394953],[14.320165,42.395096],[14.320206,42.39525],[14.320256,42.395403],[14.320103,42.39551],[14.319843,42.395441],[14.319576,42.395367],[14.31942,42.395218],[14.319179,42.395014],[14.319108,42.39486],[14.319143,42.39468],[14.319188,42.394483],[14.319322,42.39438],[14.319481,42.394349],[14.319593,42.394107],[14.319698,42.393909],[14.319707,42.393684],[14.319669,42.393477],[14.319671,42.393301],[14.319759,42.393045],[14.319897,42.392893],[14.32017,42.392728],[14.320441,42.39259],[14.320635,42.392406],[14.320804,42.392169],[14.320912,42.392039],[14.321072,42.39181],[14.321196,42.391635],[14.321262,42.391406],[14.321307,42.391213],[14.321318,42.391023],[14.321362,42.390821],[14.321481,42.390484],[14.321589,42.390404],[14.321681,42.390251],[14.321753,42.39013],[14.321791,42.389968],[14.321771,42.389576],[14.321751,42.389428],[14.321774,42.389239],[14.321745,42.388833],[14.321644,42.388679],[14.321061,42.388631],[14.316105,42.389745],[14.313915,42.390299],[14.313661,42.390456],[14.313246,42.390629],[14.312627,42.390873],[14.311283,42.391517],[14.310374,42.391935],[14.309778,42.392233],[14.308612,42.393082],[14.308416,42.393166],[14.308182,42.39325],[14.308037,42.393119],[14.307582,42.393049],[14.307334,42.39298],[14.307107,42.392879],[14.306527,42.392871],[14.30614,42.393013],[14.305535,42.393383],[14.304916,42.393807],[14.304159,42.394203],[14.30393,42.394274],[14.302754,42.394334],[14.302265,42.394349],[14.301657,42.394372],[14.301213,42.394464],[14.300812,42.394462],[14.300445,42.394392],[14.299835,42.394357],[14.299331,42.39434],[14.298832,42.394387],[14.298686,42.39444],[14.298138,42.394531],[14.297592,42.394483],[14.295845,42.394256],[14.295493,42.3942],[14.294328,42.394093],[14.293069,42.393991],[14.291881,42.393975],[14.290363,42.393929],[14.289659,42.393902],[14.28883,42.393839],[14.288193,42.393767],[14.287188,42.393766],[14.286274,42.393728],[14.285331,42.393637],[14.284675,42.39357],[14.2845,42.393208],[14.284268,42.392266],[14.284019,42.391729],[14.283843,42.391457],[14.283637,42.391114],[14.283492,42.39078],[14.283291,42.390261],[14.283162,42.389656],[14.283098,42.389107],[14.283104,42.388855],[14.282734,42.388307],[14.282407,42.387616],[14.282066,42.387204],[14.281756,42.386968],[14.281321,42.386502],[14.281033,42.386194],[14.280748,42.385859],[14.280409,42.385452],[14.280138,42.385036],[14.279697,42.384578],[14.279349,42.38413],[14.278822,42.383528],[14.278319,42.383169],[14.277995,42.383045],[14.277408,42.382659],[14.277067,42.3824],[14.276997,42.382174],[14.276842,42.381935],[14.27677,42.381597],[14.273639,42.381334],[14.270199,42.38047],[14.269654,42.380358],[14.268987,42.380269],[14.268487,42.380977],[14.267887,42.382171],[14.267607,42.382763],[14.266791,42.383686],[14.266196,42.384236],[14.265746,42.384764],[14.2664,42.385219],[14.267354,42.385675],[14.267331,42.385859],[14.267637,42.386141],[14.267858,42.386462],[14.268127,42.386891],[14.26827,42.387342],[14.268353,42.387564],[14.268403,42.387965],[14.26866,42.387989],[14.268604,42.388362],[14.268865,42.388422],[14.268982,42.388585],[14.269015,42.388824],[14.26932,42.389817],[14.26945,42.390101],[14.269567,42.390467],[14.269783,42.390959],[14.269439,42.391015],[14.269168,42.391085],[14.268936,42.391237],[14.268602,42.391208],[14.268124,42.391331],[14.267479,42.391358],[14.266813,42.391498],[14.266285,42.391459],[14.265888,42.391641],[14.265437,42.391714],[14.264865,42.391837],[14.264376,42.391856],[14.263938,42.392092],[14.26366,42.392297],[14.26315,42.392465],[14.262647,42.392633],[14.261859,42.39275],[14.261483,42.392954],[14.260736,42.393265],[14.259964,42.393548],[14.259209,42.393674],[14.258239,42.394037],[14.257343,42.394278],[14.256869,42.394523],[14.256309,42.394654],[14.256175,42.394681],[14.256418,42.394975],[14.256719,42.395423],[14.256988,42.395834],[14.257293,42.39643],[14.257456,42.396819],[14.257861,42.396952],[14.258204,42.397022],[14.258551,42.397222],[14.259053,42.397423],[14.259347,42.397713],[14.259666,42.39799],[14.259885,42.398176],[14.260278,42.398377],[14.260604,42.398546],[14.260963,42.39876],[14.261057,42.398999],[14.261057,42.399042],[14.261058,42.399174],[14.261053,42.399377],[14.261049,42.399652],[14.261029,42.399818],[14.261097,42.400026],[14.261184,42.40031],[14.261351,42.400568],[14.261466,42.400897],[14.261536,42.401163],[14.261624,42.401416],[14.261679,42.401668],[14.26172,42.402033],[14.261759,42.402822],[14.261786,42.403124],[14.261686,42.403416],[14.261528,42.403685],[14.261365,42.403828],[14.261247,42.404012],[14.261212,42.404196],[14.261289,42.404327],[14.261398,42.404386],[14.261541,42.404383],[14.261754,42.404312],[14.26205,42.404242],[14.262284,42.404234],[14.262652,42.404178],[14.262937,42.40418],[14.263177,42.404182],[14.263551,42.404193],[14.263729,42.404275],[14.263849,42.404389],[14.263853,42.404555],[14.263797,42.40474],[14.263761,42.405176],[14.263717,42.405568],[14.263695,42.405892],[14.263803,42.406243],[14.26391,42.406501],[14.264048,42.406848],[14.264162,42.407529],[14.264226,42.408065],[14.264303,42.408462],[14.264323,42.408845],[14.26439,42.409107],[14.26435,42.409403],[14.264186,42.409632],[14.2641,42.409686],[14.26395,42.409811],[14.263735,42.40998],[14.263496,42.41015],[14.263188,42.410279],[14.262874,42.410407],[14.262535,42.410549],[14.262311,42.410687],[14.262192,42.410785],[14.261971,42.410951],[14.261731,42.411165],[14.261681,42.41135],[14.261648,42.411583],[14.261481,42.412082],[14.261397,42.41246],[14.261482,42.412767],[14.261412,42.412991],[14.261304,42.412932],[14.26108,42.412827],[14.260841,42.412726],[14.260615,42.412599],[14.260139,42.412519],[14.259877,42.412522],[14.259771,42.412539],[14.25978,42.412792],[14.259809,42.412913],[14.259615,42.412885],[14.259421,42.412861],[14.259139,42.412778],[14.258843,42.412632],[14.258549,42.412568],[14.25837,42.412562],[14.258112,42.412547],[14.257845,42.412545],[14.257736,42.412513],[14.257337,42.412542],[14.257249,42.412577],[14.256959,42.412665],[14.256782,42.412732],[14.256726,42.412799],[14.25667,42.412911],[14.256681,42.413024],[14.256622,42.413131],[14.256464,42.413175],[14.256013,42.413263],[14.255915,42.413302],[14.255814,42.413405],[14.255453,42.413624],[14.255217,42.413802],[14.255009,42.413922],[14.254792,42.414029],[14.254639,42.414069],[14.254886,42.414273],[14.254852,42.414363],[14.254751,42.414416],[14.254477,42.414477],[14.254314,42.414562],[14.254106,42.414754],[14.253661,42.415102],[14.253487,42.415178],[14.253271,42.415185],[14.253099,42.415306],[14.25303,42.415499],[14.25279,42.415556],[14.252571,42.415568],[14.252417,42.415756],[14.252278,42.415904],[14.25198,42.416168],[14.251659,42.416359],[14.251541,42.416552],[14.251485,42.416655],[14.25139,42.416767],[14.251228,42.41682],[14.250978,42.416877],[14.250818,42.416831],[14.250573,42.416744],[14.250343,42.416621],[14.249944,42.416713],[14.249683,42.41645],[14.249341,42.416556],[14.24912,42.416478],[14.248893,42.416427],[14.248829,42.41644],[14.248634,42.416465],[14.248373,42.416504],[14.248175,42.416489],[14.248013,42.416556],[14.247888,42.416636],[14.247796,42.41669],[14.247713,42.416793],[14.247449,42.41675],[14.247252,42.416686],[14.24709,42.416797],[14.246881,42.416751],[14.246788,42.416593],[14.246623,42.416493],[14.246436,42.416361],[14.24623,42.416269],[14.245869,42.416213],[14.245668,42.416063],[14.245579,42.416076],[14.245337,42.41602],[14.245049,42.415924],[14.244795,42.415877],[14.244613,42.415849],[14.244399,42.415722],[14.244267,42.415527],[14.244103,42.415522],[14.243927,42.415498],[14.243785,42.415438],[14.243558,42.415356],[14.243317,42.415251],[14.243255,42.41503],[14.243065,42.414907],[14.242844,42.414838],[14.242599,42.4148],[14.242356,42.414754],[14.242041,42.41467],[14.241715,42.414542],[14.241369,42.414261],[14.241189,42.414277],[14.240944,42.414172],[14.240862,42.413983],[14.240666,42.413851],[14.24032,42.413794],[14.239863,42.413629],[14.239711,42.413646],[14.23948,42.41364],[14.239252,42.413459],[14.239145,42.413255],[14.239104,42.413129],[14.239047,42.413066],[14.238963,42.413196],[14.238825,42.413307],[14.238696,42.413428],[14.238576,42.413553],[14.238383,42.413399],[14.238274,42.41343],[14.238008,42.413567],[14.237757,42.413435],[14.237571,42.413281],[14.237294,42.413067],[14.236912,42.412952],[14.236454,42.412877],[14.236201,42.4127],[14.235979,42.412509],[14.235745,42.412449],[14.235424,42.412429],[14.235128,42.412468],[14.23488,42.412416],[14.234682,42.412221],[14.234382,42.411918],[14.234195,42.411772],[14.233889,42.411716],[14.23338,42.4116],[14.232956,42.41148],[14.232575,42.411311],[14.232295,42.411165],[14.232182,42.411196],[14.232159,42.411277],[14.232236,42.411449],[14.232365,42.411607],[14.232771,42.411939],[14.232703,42.41201],[14.232627,42.412041],[14.232413,42.412125],[14.232209,42.412196],[14.231894,42.412383],[14.231626,42.412458],[14.231404,42.41247],[14.231336,42.412505],[14.23122,42.412563],[14.230674,42.412726],[14.230375,42.41285],[14.229791,42.412945],[14.229478,42.412934],[14.229044,42.412891],[14.228659,42.412811],[14.22824,42.412746],[14.227792,42.412608],[14.22723,42.412428],[14.226736,42.412321],[14.226955,42.412552],[14.227134,42.412797],[14.227273,42.41309],[14.227469,42.413501],[14.227629,42.4138],[14.227784,42.41408],[14.227934,42.414432],[14.228171,42.414708],[14.228408,42.414976],[14.228804,42.41532],[14.230353,42.416614],[14.230683,42.416999],[14.23102,42.41747],[14.231406,42.418026],[14.231663,42.418357],[14.231863,42.41861],[14.231954,42.418935],[14.232043,42.4193],[14.232096,42.419706],[14.232216,42.420058],[14.23247,42.42019],[14.232584,42.420353],[14.232672,42.420574],[14.232826,42.420863],[14.233117,42.42119],[14.233327,42.421434],[14.233419,42.421601],[14.233499,42.421759],[14.233512,42.42171],[14.234155,42.422345],[14.234688,42.422727],[14.235327,42.423136],[14.235558,42.423408],[14.236156,42.423966],[14.23664,42.424622],[14.236942,42.424988],[14.237063,42.425322],[14.237225,42.425513],[14.237481,42.425667],[14.237617,42.42597],[14.237764,42.426111],[14.238033,42.426297],[14.238301,42.426474],[14.238611,42.426702],[14.238665,42.426788],[14.238776,42.42691],[14.239547,42.426933],[14.239953,42.426859],[14.240699,42.426729],[14.24123,42.426741],[14.241769,42.426646],[14.242287,42.426595],[14.243218,42.426493],[14.243529,42.426383],[14.243718,42.426573],[14.244038,42.426769],[14.244317,42.426852],[14.244641,42.426886],[14.245192,42.427087],[14.245511,42.427333],[14.245717,42.427429],[14.246092,42.427571],[14.246262,42.427783],[14.246439,42.428028],[14.245766,42.428406],[14.245323,42.428543],[14.244819,42.428818],[14.244161,42.428949],[14.244225,42.429148],[14.244376,42.429275],[14.24455,42.429398],[14.244711,42.42943],[14.244856,42.42949],[14.244644,42.429673],[14.244209,42.429711],[14.24377,42.429829],[14.243359,42.429939],[14.242982,42.430184],[14.243165,42.430384],[14.243457,42.430858],[14.243693,42.431161],[14.244066,42.431515],[14.244562,42.43196],[14.244899,42.432223],[14.245152,42.432463],[14.24533,42.432595],[14.245649,42.4328],[14.245827,42.433166],[14.245953,42.433351],[14.246498,42.433494],[14.246795,42.43355],[14.247172,42.433792],[14.247549,42.434051],[14.247784,42.434259],[14.247907,42.434319],[14.248113,42.434451],[14.247375,42.434914],[14.246905,42.435055],[14.246325,42.435209],[14.245893,42.435283],[14.245579,42.435362],[14.245228,42.435472],[14.244999,42.435538],[14.244755,42.435635],[14.24452,42.435737],[14.244311,42.436132],[14.24417,42.436487],[14.244045,42.436779],[14.24397,42.437017],[14.244166,42.43732],[14.244523,42.437719],[14.244864,42.437986],[14.245225,42.438236],[14.24561,42.438329],[14.245891,42.438448],[14.245948,42.438836],[14.246416,42.439082],[14.246901,42.439423],[14.247309,42.43984],[14.247707,42.440171],[14.248053,42.440466],[14.248459,42.440811],[14.248656,42.441136],[14.248929,42.44139],[14.249197,42.441631],[14.25002,42.442456],[14.251192,42.443292],[14.252208,42.444046],[14.252856,42.444482],[14.253355,42.444738],[14.254032,42.444783],[14.254742,42.444414],[14.25524,42.444214],[14.255615,42.443825],[14.255812,42.443587],[14.256418,42.443249],[14.256801,42.443027],[14.257245,42.442728],[14.257786,42.442452],[14.258502,42.442078],[14.259052,42.441591],[14.25945,42.441315],[14.260322,42.440609],[14.261279,42.440097],[14.262149,42.439589],[14.263221,42.438853],[14.26381,42.438402],[14.264054,42.438309],[14.264356,42.438239],[14.264949,42.437937],[14.265249,42.437763],[14.265531,42.437567],[14.265866,42.437497],[14.266114,42.437368],[14.266645,42.437137],[14.266787,42.436985],[14.266968,42.43682],[14.267061,42.436694],[14.267328,42.436444],[14.267816,42.436078],[14.268327,42.435752],[14.268628,42.435525],[14.268814,42.435413],[14.269099,42.435239],[14.269295,42.435096],[14.269766,42.434838],[14.270332,42.434504],[14.270602,42.434299],[14.270905,42.434166],[14.271284,42.433947],[14.271842,42.433559],[14.272258,42.433337],[14.272732,42.433038],[14.272837,42.432926],[14.273117,42.432626],[14.27357,42.432291],[14.274084,42.432025],[14.275101,42.431563],[14.275163,42.431532],[14.275562,42.431435],[14.275648,42.431382],[14.276093,42.431204],[14.276567,42.430951],[14.276979,42.430782],[14.277276,42.430635],[14.277631,42.430417],[14.277876,42.430261],[14.278347,42.43003],[14.278873,42.429677],[14.279435,42.429483],[14.279675,42.429435],[14.279843,42.429368],[14.279766,42.429264],[14.279846,42.429112],[14.280076,42.428937],[14.280601,42.428729],[14.280672,42.428621],[14.280924,42.428375],[14.281292,42.428117],[14.281607,42.427646],[14.281988,42.427301],[14.282307,42.427092],[14.282725,42.426896],[14.283071,42.426709]]]]}},
{"type":"Feature","properties":{"id":281,"codice_istat":69072,"nome":"Ripa Teatina","codice_pro":69,"codice_reg":13,"codice_cm":"z","codice_catastale":"H320"},"geometry":{"type":"MultiPolygon","coordinates":[[[[14.265888,42.391641],[14.266285,42.391459],[14.266813,42.391498],[14.267479,42.391358],[14.268124,42.391331],[14.268602,42.391208],[14.268936,42.391237],[14.269168,42.391085],[14.269439,42.391015],[14.269783,42.390959],[14.269567,42.390467],[14.26945,42.390101],[14.26932,42.389817],[14.269015,42.388824],[14.268982,42.388585],[14.268865,42.388422],[14.268604,42.388362],[14.26866,42.387989],[14.268403,42.387965],[14.268353,42.387564],[14.26827,42.387342],[14.268127,42.386891],[14.267858,42.386462],[14.267637,42.386141],[14.267331,42.385859],[14.267354,42.385675],[14.2664,42.385219],[14.265746,42.384764],[14.266196,42.384236],[14.266791,42.383686],[14.267607,42.382763],[14.267887,42.382171],[14.268487,42.380977],[14.268987,42.380269],[14.269654,42.380358],[14.269669,42.380115],[14.269897,42.379585],[14.269902,42.378878],[14.269853,42.378113],[14.2698,42.377725],[14.269766,42.377239],[14.269797,42.376888],[14.269796,42.376725],[14.270411,42.376617],[14.271199,42.376469],[14.271899,42.376365],[14.272711,42.37619],[14.273345,42.376064],[14.273887,42.375914],[14.274355,42.375858],[14.274916,42.375686],[14.275494,42.375564],[14.275799,42.375435],[14.276032,42.375482],[14.276416,42.375354],[14.276683,42.375144],[14.2769,42.374996],[14.277203,42.374827],[14.27655,42.373495],[14.276338,42.372935],[14.276175,42.372605],[14.276136,42.372299],[14.27588,42.371527],[14.275727,42.371126],[14.27615,42.37107],[14.276911,42.370867],[14.277657,42.370714],[14.27816,42.370551],[14.278422,42.370449],[14.278817,42.370172],[14.279041,42.369926],[14.279221,42.36959],[14.279429,42.36919],[14.279638,42.368764],[14.279766,42.368422],[14.279925,42.368018],[14.280135,42.36774],[14.280418,42.367422],[14.280539,42.367216],[14.280589,42.366833],[14.280644,42.366546],[14.280527,42.366149],[14.280406,42.365792],[14.280242,42.365535],[14.280084,42.365326],[14.280011,42.365074],[14.279858,42.36492],[14.279722,42.36486],[14.279585,42.364832],[14.278885,42.365265],[14.277879,42.364326],[14.277596,42.364149],[14.277306,42.364215],[14.276555,42.364314],[14.275777,42.364394],[14.274999,42.364457],[14.274459,42.364485],[14.27389,42.364549],[14.273711,42.364282],[14.27355,42.364047],[14.273454,42.363934],[14.27341,42.363825],[14.273187,42.363617],[14.274028,42.363136],[14.274554,42.362833],[14.27503,42.362561],[14.275644,42.362295],[14.27608,42.362055],[14.276666,42.361847],[14.276295,42.36161],[14.275971,42.361279],[14.276465,42.361039],[14.276743,42.360911],[14.276994,42.360786],[14.276901,42.36016],[14.276802,42.359767],[14.276745,42.359452],[14.276807,42.359285],[14.277133,42.359256],[14.277466,42.359285],[14.277805,42.359382],[14.278053,42.359428],[14.278317,42.359484],[14.278562,42.359558],[14.278824,42.359775],[14.27903,42.360024],[14.279268,42.36017],[14.279486,42.360261],[14.279673,42.360357],[14.279844,42.360304],[14.279994,42.360161],[14.280243,42.360118],[14.280967,42.36001],[14.281104,42.359745],[14.28125,42.359444],[14.28121,42.359223],[14.281125,42.358984],[14.280982,42.358713],[14.280907,42.358595],[14.281043,42.358371],[14.280906,42.358181],[14.28082,42.358018],[14.280686,42.357815],[14.280478,42.35762],[14.280037,42.357203],[14.279626,42.356782],[14.279314,42.356478],[14.278746,42.356695],[14.27878,42.356385],[14.278775,42.356065],[14.278703,42.355736],[14.278709,42.355488],[14.278899,42.354787],[14.279066,42.354275],[14.279132,42.354009],[14.279157,42.353681],[14.279175,42.353163],[14.279082,42.352825],[14.27896,42.352639],[14.278877,42.352414],[14.278824,42.352076],[14.278738,42.351836],[14.278472,42.351529],[14.278168,42.351261],[14.277759,42.350925],[14.27727,42.350742],[14.277001,42.350574],[14.276715,42.350369],[14.276294,42.350083],[14.275892,42.349887],[14.275536,42.349722],[14.27519,42.349491],[14.274939,42.349376],[14.274571,42.349189],[14.274381,42.349103],[14.274372,42.349085],[14.274318,42.348967],[14.27412,42.348786],[14.273921,42.348659],[14.273649,42.34858],[14.273438,42.348484],[14.273157,42.348388],[14.272924,42.348274],[14.272771,42.348111],[14.27267,42.347939],[14.272567,42.347655],[14.272454,42.347429],[14.272212,42.347355],[14.27199,42.347471],[14.271833,42.347637],[14.271655,42.347802],[14.271459,42.347963],[14.271275,42.348092],[14.270967,42.348253],[14.270677,42.348377],[14.270469,42.348502],[14.27024,42.348626],[14.269993,42.348769],[14.269788,42.348875],[14.269553,42.348977],[14.269243,42.348989],[14.268828,42.349198],[14.268403,42.349258],[14.267781,42.349205],[14.26715,42.349169],[14.266596,42.349058],[14.26606,42.348987],[14.265505,42.348907],[14.264846,42.348898],[14.264426,42.348819],[14.264114,42.348754],[14.263853,42.348734],[14.263595,42.348764],[14.263342,42.348857],[14.263116,42.348941],[14.262869,42.349047],[14.261018,42.349796],[14.260961,42.34994],[14.259992,42.350308],[14.258203,42.350102],[14.257276,42.349988],[14.25716,42.349803],[14.257024,42.349469],[14.256803,42.349193],[14.256714,42.348994],[14.256694,42.348679],[14.256574,42.348498],[14.256041,42.348139],[14.255843,42.347962],[14.255535,42.347834],[14.255302,42.347756],[14.255079,42.347664],[14.254798,42.347568],[14.254568,42.347481],[14.254274,42.347443],[14.253958,42.347432],[14.253503,42.347411],[14.253416,42.347586],[14.253238,42.34776],[14.252771,42.348],[14.252548,42.348152],[14.252355,42.348281],[14.252104,42.348415],[14.251817,42.348575],[14.25156,42.348744],[14.251331,42.348873],[14.25099,42.3492],[14.250555,42.349314],[14.249992,42.349473],[14.249595,42.349609],[14.249381,42.349752],[14.249262,42.349846],[14.249044,42.350052],[14.248841,42.35023],[14.248591,42.350314],[14.24839,42.350164],[14.248331,42.34997],[14.248279,42.349785],[14.248242,42.349574],[14.248165,42.349402],[14.248107,42.349221],[14.248078,42.349113],[14.247965,42.348923],[14.247799,42.348769],[14.247674,42.348615],[14.247533,42.348448],[14.247356,42.348271],[14.247126,42.348188],[14.246848,42.348128],[14.246595,42.347982],[14.246299,42.347868],[14.246053,42.347835],[14.245833,42.347937],[14.245713,42.348098],[14.245463,42.348173],[14.245226,42.348014],[14.245076,42.34786],[14.244899,42.347642],[14.24478,42.347448],[14.244652,42.347204],[14.244564,42.347005],[14.244442,42.34682],[14.244198,42.346593],[14.243987,42.346479],[14.243705,42.346504],[14.243434,42.346575],[14.243194,42.346618],[14.24288,42.346665],[14.24261,42.346682],[14.242355,42.346653],[14.242097,42.34666],[14.241839,42.346699],[14.241234,42.346785],[14.241008,42.346878],[14.240725,42.347228],[14.240458,42.347167],[14.240302,42.347018],[14.240271,42.346833],[14.240474,42.346663],[14.240655,42.346493],[14.240763,42.346332],[14.240904,42.346166],[14.241035,42.345915],[14.24114,42.345753],[14.241228,42.345542],[14.241281,42.345367],[14.241426,42.345188],[14.241546,42.345022],[14.241661,42.344856],[14.24176,42.344659],[14.24186,42.344407],[14.241982,42.344165],[14.242036,42.343945],[14.242071,42.343765],[14.242083,42.343562],[14.242322,42.343402],[14.242524,42.343205],[14.242448,42.343015],[14.24211,42.343049],[14.24183,42.34316],[14.241631,42.343307],[14.241459,42.343468],[14.241278,42.343629],[14.241063,42.343803],[14.240843,42.34395],[14.24062,42.344088],[14.240367,42.344204],[14.240129,42.344297],[14.239867,42.344399],[14.239616,42.34451],[14.239412,42.344634],[14.239237,42.344755],[14.23905,42.344902],[14.238851,42.345027],[14.238561,42.345191],[14.238308,42.345293],[14.238027,42.345395],[14.237741,42.345528],[14.237535,42.345702],[14.237324,42.345863],[14.237077,42.345956],[14.236812,42.346058],[14.236585,42.346205],[14.23641,42.346343],[14.236226,42.346509],[14.236096,42.346715],[14.235864,42.346835],[14.235681,42.346712],[14.235556,42.346509],[14.235461,42.346301],[14.235427,42.346089],[14.235533,42.345874],[14.235533,42.345653],[14.23555,42.345455],[14.23565,42.345226],[14.235667,42.345042],[14.235667,42.344803],[14.235613,42.34451],[14.235555,42.344271],[14.235458,42.344077],[14.235205,42.343922],[14.235013,42.343682],[14.234733,42.343531],[14.234429,42.343579],[14.23425,42.343767],[14.23401,42.343855],[14.233868,42.344025],[14.233799,42.34421],[14.233617,42.344407],[14.233292,42.344449],[14.233116,42.344953],[14.233125,42.345187],[14.232993,42.345375],[14.232741,42.345351],[14.232597,42.345201],[14.232314,42.345019],[14.231897,42.344913],[14.231619,42.345015],[14.231371,42.34495],[14.231121,42.344809],[14.230901,42.34464],[14.230736,42.344491],[14.230507,42.344372],[14.230299,42.344227],[14.230226,42.344028],[14.230195,42.343812],[14.230171,42.343595],[14.230123,42.343275],[14.229904,42.343022],[14.229558,42.343042],[14.229287,42.343126],[14.229088,42.343237],[14.228875,42.343344],[14.228649,42.343423],[14.228329,42.343515],[14.228001,42.343563],[14.227673,42.343592],[14.227424,42.343622],[14.227163,42.343625],[14.226911,42.343619],[14.226641,42.343626],[14.226347,42.343597],[14.226104,42.343555],[14.225784,42.343462],[14.225475,42.343384],[14.225245,42.343328],[14.224912,42.343285],[14.224596,42.343328],[14.224301,42.343335],[14.224019,42.343297],[14.223725,42.343286],[14.223455,42.34328],[14.223197,42.343251],[14.222904,42.343218],[14.222589,42.343161],[14.22228,42.343087],[14.221996,42.343004],[14.22172,42.342975],[14.22145,42.342929],[14.221161,42.342796],[14.220874,42.34265],[14.220548,42.342522],[14.220228,42.342411],[14.219896,42.342229],[14.219556,42.342015],[14.219342,42.341906],[14.218915,42.341763],[14.218514,42.341805],[14.218309,42.341957],[14.218101,42.342064],[14.217849,42.342143],[14.217584,42.342146],[14.21723,42.342085],[14.217004,42.341998],[14.216724,42.342018],[14.216441,42.342115],[14.216156,42.342055],[14.215854,42.341945],[14.215598,42.341777],[14.215034,42.341498],[14.214863,42.341353],[14.21485,42.341398],[14.214936,42.341605],[14.214951,42.341804],[14.214955,42.342011],[14.214892,42.342226],[14.21471,42.342428],[14.214501,42.342616],[14.214523,42.342809],[14.214348,42.342979],[14.214078,42.342946],[14.213862,42.342796],[14.213591,42.342636],[14.213343,42.342792],[14.213018,42.342826],[14.212708,42.342873],[14.212563,42.343025],[14.212442,42.343214],[14.212285,42.34342],[14.212107,42.343554],[14.211969,42.34371],[14.211984,42.343954],[14.211891,42.344138],[14.21167,42.344312],[14.211427,42.344283],[14.211167,42.344272],[14.210935,42.344329],[14.210718,42.344431],[14.210464,42.344637],[14.210123,42.344751],[14.209915,42.344642],[14.209622,42.344487],[14.209354,42.344534],[14.209116,42.344668],[14.208908,42.344806],[14.208745,42.344958],[14.208743,42.345138],[14.208884,42.345535],[14.208914,42.345734],[14.209011,42.345986],[14.20913,42.346199],[14.209264,42.346411],[14.209376,42.346655],[14.209273,42.346911],[14.209037,42.347072],[14.208817,42.34721],[14.208645,42.347339],[14.208446,42.347473],[14.208187,42.347552],[14.207931,42.347649],[14.207733,42.347761],[14.207519,42.347885],[14.207264,42.348073],[14.206965,42.34821],[14.207219,42.348275],[14.20743,42.34843],[14.207455,42.348637],[14.207324,42.349086],[14.207225,42.349284],[14.207311,42.349451],[14.2075,42.349601],[14.207794,42.34963],[14.20807,42.34965],[14.208321,42.349705],[14.208557,42.349752],[14.208843,42.349741],[14.209153,42.349716],[14.209437,42.349772],[14.209602,42.349962],[14.209463,42.350177],[14.209302,42.350383],[14.209382,42.350559],[14.209643,42.350602],[14.209912,42.35064],[14.210098,42.350807],[14.209989,42.351032],[14.209905,42.351216],[14.210113,42.351339],[14.210428,42.351355],[14.210651,42.351491],[14.210863,42.351587],[14.211153,42.351648],[14.21141,42.351708],[14.211642,42.351858],[14.211867,42.352053],[14.212109,42.352181],[14.212268,42.352331],[14.212463,42.352503],[14.212731,42.352645],[14.213053,42.352615],[14.213294,42.352568],[14.213558,42.352569],[14.213891,42.352662],[14.213994,42.35286],[14.213907,42.353058],[14.213759,42.35326],[14.213652,42.353498],[14.213698,42.353741],[14.213918,42.353878],[14.214147,42.353983],[14.214383,42.354061],[14.214628,42.35413],[14.214775,42.35428],[14.214811,42.354532],[14.214834,42.354884],[14.214824,42.355208],[14.214797,42.355437],[14.214797,42.35568],[14.214901,42.355888],[14.21509,42.356065],[14.215294,42.35622],[14.21534,42.356422],[14.215301,42.35667],[14.215283,42.356899],[14.215431,42.357189],[14.215651,42.357271],[14.215823,42.357416],[14.215929,42.357656],[14.215978,42.357845],[14.216044,42.358152],[14.216215,42.358342],[14.216401,42.358537],[14.216602,42.358673],[14.216881,42.358729],[14.217161,42.358866],[14.217374,42.359071],[14.217573,42.359216],[14.21782,42.359344],[14.218122,42.359508],[14.218374,42.359708],[14.218533,42.359884],[14.218715,42.36012],[14.218832,42.360283],[14.218972,42.360441],[14.219168,42.360623],[14.219396,42.360786],[14.219664,42.36095],[14.219798,42.361158],[14.219936,42.361312],[14.220107,42.361507],[14.22026,42.361666],[14.220302,42.361891],[14.220352,42.362081],[14.220492,42.362248],[14.220688,42.36238],[14.220929,42.362508],[14.221171,42.362568],[14.221448,42.362565],[14.221723,42.362617],[14.221989,42.362704],[14.222237,42.362787],[14.222485,42.362897],[14.222713,42.363092],[14.223046,42.3634],[14.223223,42.363627],[14.223265,42.363852],[14.223296,42.364046],[14.223419,42.364213],[14.223621,42.364332],[14.223822,42.364549],[14.223831,42.364801],[14.223822,42.364986],[14.223817,42.36518],[14.223732,42.365418],[14.223541,42.365615],[14.223237,42.365649],[14.223029,42.365539],[14.222728,42.365591],[14.222677,42.365784],[14.222435,42.365927],[14.222194,42.36602],[14.222083,42.366204],[14.221771,42.366152],[14.221523,42.366042],[14.221303,42.366207],[14.2211,42.366413],[14.220816,42.366519],[14.220564,42.366553],[14.220421,42.366751],[14.22037,42.366953],[14.220203,42.367231],[14.2199,42.367409],[14.219675,42.367488],[14.219467,42.367591],[14.219216,42.367733],[14.21882,42.367807],[14.218591,42.367711],[14.218401,42.36757],[14.218077,42.367505],[14.217806,42.367575],[14.217492,42.367721],[14.217189,42.367868],[14.216984,42.367997],[14.216816,42.368135],[14.216662,42.36831],[14.216593,42.368481],[14.216563,42.368665],[14.216698,42.368833],[14.216875,42.368969],[14.216906,42.369172],[14.216843,42.369383],[14.216762,42.369549],[14.216626,42.369742],[14.216529,42.369921],[14.216795,42.37027],[14.216927,42.370451],[14.217055,42.370645],[14.217153,42.370817],[14.21725,42.371043],[14.217357,42.371273],[14.217503,42.371441],[14.217701,42.371627],[14.217921,42.371808],[14.218138,42.371945],[14.218379,42.372077],[14.218602,42.372209],[14.218868,42.372332],[14.219136,42.372478],[14.219549,42.372742],[14.219756,42.372915],[14.219982,42.373034],[14.220303,42.373103],[14.220707,42.373156],[14.221083,42.373194],[14.221422,42.373241],[14.221767,42.373343],[14.22206,42.37348],[14.222304,42.373585],[14.222604,42.373632],[14.222851,42.373598],[14.223071,42.373496],[14.223289,42.373308],[14.223485,42.373107],[14.223673,42.372937],[14.223921,42.372736],[14.224182,42.372504],[14.224403,42.372321],[14.224645,42.372156],[14.224912,42.372175],[14.225101,42.372334],[14.225257,42.372488],[14.225444,42.37262],[14.225643,42.372725],[14.225896,42.372867],[14.226128,42.373008],[14.226568,42.373303],[14.22677,42.373453],[14.226953,42.37363],[14.22709,42.37378],[14.227273,42.373997],[14.22756,42.374319],[14.227701,42.374468],[14.227866,42.374681],[14.227985,42.374844],[14.228204,42.375093],[14.22842,42.375261],[14.228586,42.375402],[14.228769,42.375547],[14.229053,42.375662],[14.229307,42.375731],[14.22991,42.375852],[14.230243,42.37594],[14.230606,42.376059],[14.230942,42.376174],[14.231532,42.376358],[14.231892,42.376437],[14.232228,42.37652],[14.232534,42.376608],[14.232848,42.376727],[14.233156,42.376882],[14.233512,42.377092],[14.233841,42.377247],[14.234125,42.377299],[14.234464,42.377382],[14.23483,42.377519],[14.235186,42.377693],[14.235555,42.377871],[14.235924,42.377995],[14.23616,42.378082],[14.236431,42.378196],[14.236679,42.378297],[14.236921,42.378402],[14.237139,42.37848],[14.237416,42.378608],[14.237594,42.37874],[14.237856,42.378913],[14.238089,42.378996],[14.23838,42.379051],[14.238647,42.379067],[14.238917,42.379078],[14.239156,42.37912],[14.239414,42.379139],[14.239726,42.379196],[14.240004,42.379287],[14.240313,42.379362],[14.24058,42.379444],[14.240855,42.379536],[14.24116,42.379673],[14.24117,42.379849],[14.241172,42.380142],[14.241273,42.380336],[14.241502,42.380522],[14.241733,42.380704],[14.241844,42.380894],[14.241938,42.38116],[14.242057,42.381363],[14.242248,42.381585],[14.24254,42.381857],[14.242763,42.381931],[14.242998,42.38186],[14.243222,42.381709],[14.243399,42.381579],[14.243628,42.381464],[14.244009,42.38139],[14.244089,42.381566],[14.244177,42.381814],[14.244259,42.382013],[14.244351,42.382243],[14.2444,42.382464],[14.244373,42.382644],[14.244328,42.382878],[14.244304,42.383143],[14.24432,42.383323],[14.244457,42.38355],[14.244534,42.383721],[14.244595,42.383902],[14.244675,42.384091],[14.244733,42.384281],[14.244752,42.384466],[14.244826,42.384633],[14.244997,42.384823],[14.245166,42.384959],[14.245386,42.385087],[14.245616,42.385151],[14.245867,42.385193],[14.246115,42.385285],[14.246397,42.385354],[14.246645,42.385424],[14.246915,42.385466],[14.247218,42.385513],[14.247457,42.385569],[14.247733,42.38562],[14.247979,42.385648],[14.248233,42.385718],[14.248475,42.385823],[14.248766,42.38587],[14.249134,42.385809],[14.249228,42.385805],[14.249636,42.385988],[14.249892,42.386143],[14.249968,42.386391],[14.250095,42.386721],[14.25025,42.387185],[14.250461,42.388092],[14.250323,42.388474],[14.250195,42.388738],[14.250186,42.389],[14.250108,42.389161],[14.250028,42.389543],[14.250012,42.389881],[14.250058,42.390102],[14.250147,42.390238],[14.250675,42.390304],[14.25119,42.390433],[14.251555,42.390602],[14.251944,42.390853],[14.252325,42.391229],[14.252566,42.391663],[14.252668,42.392001],[14.252812,42.392407],[14.255269,42.392657],[14.255401,42.392825],[14.255619,42.393114],[14.255714,42.393376],[14.255779,42.393719],[14.255744,42.393894],[14.255884,42.39412],[14.256031,42.394554],[14.256175,42.394681],[14.256309,42.394654],[14.256869,42.394523],[14.257343,42.394278],[14.258239,42.394037],[14.259209,42.393674],[14.259964,42.393548],[14.260736,42.393265],[14.261483,42.392954],[14.261859,42.39275],[14.262647,42.392633],[14.26315,42.392465],[14.26366,42.392297],[14.263938,42.392092],[14.264376,42.391856],[14.264865,42.391837],[14.265437,42.391714],[14.265888,42.391641]]]]}},
{"type":"Feature","properties":{"id":291,"codice_istat":69081,"nome":"S. Giovanni Teatino","codice_pro":69,"codice_reg":13,"codice_cm":"z","codice_catastale":"D690"},"geometry":{"type":"MultiPolygon","coordinates":[[[[14.230814,42.409773],[14.230695,42.409579],[14.230476,42.409564],[14.230318,42.409599],[14.230192,42.409692],[14.230079,42.409705],[14.230078,42.409565],[14.230115,42.409512],[14.229904,42.409402],[14.229829,42.409339],[14.229933,42.409236],[14.229861,42.409154],[14.229673,42.409185],[14.22956,42.409193],[14.229476,42.40912],[14.229406,42.408854],[14.229159,42.408699],[14.229115,42.408582],[14.229153,42.408434],[14.229136,42.408334],[14.228883,42.408171],[14.228553,42.408042],[14.228175,42.407891],[14.227796,42.407853],[14.227546,42.407725],[14.227248,42.407714],[14.227142,42.407465],[14.227007,42.407293],[14.226824,42.407315],[14.226706,42.407282],[14.226617,42.407151],[14.226299,42.407077],[14.226047,42.407044],[14.225829,42.406952],[14.225589,42.406766],[14.225423,42.406661],[14.225354,42.40635],[14.225303,42.40626],[14.22475,42.406026],[14.224645,42.405936],[14.224556,42.405795],[14.224375,42.405655],[14.22405,42.405616],[14.223812,42.405529],[14.223816,42.405394],[14.223885,42.405237],[14.223938,42.405143],[14.223704,42.404907],[14.223478,42.404761],[14.22339,42.404738],[14.223271,42.404801],[14.223127,42.404638],[14.222984,42.404429],[14.222858,42.404294],[14.222699,42.404112],[14.222538,42.403882],[14.222333,42.403741],[14.222077,42.403518],[14.221675,42.403124],[14.221523,42.40315],[14.221344,42.402923],[14.221007,42.402646],[14.220838,42.402533],[14.220639,42.402414],[14.220404,42.402264],[14.220218,42.402078],[14.220019,42.40196],[14.219838,42.401868],[14.219572,42.401759],[14.219378,42.401699],[14.219149,42.401332],[14.219014,42.401174],[14.218781,42.401087],[14.218621,42.401018],[14.218499,42.400788],[14.218446,42.400693],[14.218216,42.40061],[14.217996,42.400492],[14.217861,42.400315],[14.217754,42.400184],[14.217557,42.400074],[14.217443,42.400029],[14.217384,42.399857],[14.217264,42.399703],[14.217026,42.399557],[14.216844,42.399295],[14.216784,42.399281],[14.216627,42.399199],[14.216525,42.399086],[14.216511,42.399038],[14.216504,42.399013],[14.216266,42.398895],[14.216089,42.398704],[14.215931,42.398501],[14.215692,42.398387],[14.215471,42.398313],[14.215166,42.398203],[14.214982,42.398084],[14.214805,42.397939],[14.214716,42.397772],[14.214483,42.397635],[14.214254,42.397485],[14.214071,42.397335],[14.213671,42.397058],[14.21349,42.396917],[14.213325,42.396749],[14.213148,42.396563],[14.212956,42.396409],[14.212885,42.396463],[14.212655,42.39638],[14.212438,42.396266],[14.212233,42.396134],[14.21198,42.395979],[14.211806,42.395843],[14.211607,42.395666],[14.211387,42.395574],[14.211121,42.39568],[14.210928,42.395792],[14.210705,42.395889],[14.210428,42.396],[14.210173,42.395971],[14.209917,42.39601],[14.209754,42.396166],[14.209643,42.396328],[14.209561,42.396552],[14.209425,42.396727],[14.209186,42.396883],[14.208922,42.397129],[14.208752,42.397348],[14.208744,42.397546],[14.208909,42.397682],[14.209093,42.397805],[14.20927,42.397951],[14.20946,42.398069],[14.209727,42.398075],[14.210004,42.398064],[14.210243,42.398106],[14.210495,42.398135],[14.210798,42.398173],[14.211038,42.398229],[14.211279,42.398343],[14.211484,42.39847],[14.211665,42.398616],[14.211857,42.398743],[14.212056,42.39887],[14.212273,42.399007],[14.212302,42.399036],[14.212543,42.399284],[14.21275,42.39951],[14.213044,42.399818],[14.213262,42.40013],[14.213459,42.400388],[14.213728,42.400733],[14.214286,42.401322],[14.214604,42.401599],[14.214998,42.401943],[14.215265,42.402188],[14.215469,42.402361],[14.215743,42.402583],[14.216063,42.402748],[14.216334,42.402943],[14.216937,42.403348],[14.217177,42.403539],[14.218091,42.404045],[14.218614,42.404283],[14.219015,42.40456],[14.219276,42.404755],[14.219511,42.404987],[14.219811,42.405254],[14.220027,42.405508],[14.22037,42.405722],[14.221666,42.406852],[14.221975,42.407106],[14.222275,42.407239],[14.222607,42.407403],[14.22295,42.407635],[14.223267,42.407808],[14.22359,42.407968],[14.223946,42.408146],[14.224288,42.408302],[14.224655,42.408592],[14.224905,42.408968],[14.225077,42.409316],[14.225222,42.409659],[14.225406,42.410047],[14.225635,42.410675],[14.225983,42.411249],[14.226187,42.411507],[14.226365,42.411828],[14.226517,42.412095],[14.226736,42.412321],[14.22723,42.412428],[14.227792,42.412608],[14.22824,42.412746],[14.228659,42.412811],[14.229044,42.412891],[14.229478,42.412934],[14.229791,42.412945],[14.230375,42.41285],[14.230674,42.412726],[14.23122,42.412563],[14.231336,42.412505],[14.231404,42.41247],[14.231626,42.412458],[14.231894,42.412383],[14.232209,42.412196],[14.232413,42.412125],[14.232627,42.412041],[14.232703,42.41201],[14.232771,42.411939],[14.232365,42.411607],[14.232236,42.411449],[14.232159,42.411277],[14.232182,42.411196],[14.232295,42.411165],[14.232211,42.411043],[14.231962,42.411019],[14.231655,42.410778],[14.231501,42.410503],[14.23134,42.410195],[14.231051,42.410027],[14.230814,42.409773]]]]}},
{"type":"Feature","properties":{"id":292,"codice_istat":69081,"nome":"S. Giovanni Teatino","codice_pro":69,"codice_reg":13,"codice_cm":"z","codice_catastale":"D690"},"geometry":{"type":"MultiPolygon","coordinates":[[[[14.173835,42.435637],[14.174073,42.435535],[14.174271,42.435541],[14.174392,42.435519],[14.17457,42.435223],[14.174612,42.435012],[14.174675,42.434801],[14.174702,42.434598],[14.174703,42.434341],[14.174806,42.434144],[14.174965,42.434037],[14.176056,42.433788],[14.176417,42.433647],[14.176576,42.433598],[14.176717,42.434198],[14.177165,42.434098],[14.178141,42.43356],[14.178888,42.433156],[14.179396,42.432867],[14.179792,42.432581],[14.180245,42.432324],[14.180611,42.432038],[14.180953,42.431662],[14.181278,42.431219],[14.181553,42.430824],[14.18198,42.430503],[14.182343,42.430168],[14.182516,42.429692],[14.182736,42.429167],[14.182815,42.42892],[14.183079,42.428503],[14.183589,42.427813],[14.183992,42.427465],[14.184192,42.427228],[14.184665,42.42688],[14.185127,42.426442],[14.185533,42.426066],[14.185895,42.425781],[14.187692,42.428009],[14.187965,42.428294],[14.188414,42.429077],[14.189115,42.429874],[14.189375,42.430173],[14.189798,42.430847],[14.190406,42.43159],[14.19146,42.432998],[14.19206,42.433853],[14.192851,42.43498],[14.193387,42.435825],[14.193941,42.436496],[14.19427,42.436903],[14.195755,42.434203],[14.195928,42.433988],[14.196139,42.43358],[14.196541,42.432858],[14.196736,42.43253],[14.197104,42.43184],[14.197475,42.431126],[14.197868,42.430336],[14.198214,42.429636],[14.198509,42.429107],[14.19861,42.428833],[14.199406,42.428609],[14.199855,42.428432],[14.200225,42.428291],[14.200697,42.428199],[14.201216,42.428027],[14.201665,42.428031],[14.202112,42.428034],[14.202687,42.427957],[14.203225,42.427708],[14.203783,42.427573],[14.204297,42.427558],[14.204653,42.427506],[14.204956,42.42713],[14.205542,42.4269],[14.205932,42.426574],[14.206349,42.426289],[14.206505,42.426196],[14.206872,42.426261],[14.207204,42.426241],[14.207529,42.426194],[14.207976,42.425949],[14.208417,42.425686],[14.208687,42.425504],[14.209106,42.425313],[14.209369,42.425121],[14.209638,42.42501],[14.209803,42.425201],[14.210146,42.425442],[14.210315,42.425772],[14.210476,42.426011],[14.21058,42.426264],[14.210674,42.426508],[14.210804,42.426802],[14.211242,42.426746],[14.211528,42.426744],[14.211865,42.426791],[14.212291,42.426992],[14.212503,42.427268],[14.212641,42.427616],[14.212723,42.427864],[14.212789,42.42822],[14.212878,42.428351],[14.213175,42.428425],[14.213659,42.428577],[14.214034,42.428508],[14.214312,42.428406],[14.214697,42.428224],[14.215063,42.428141],[14.21545,42.428067],[14.2158,42.428025],[14.216129,42.427982],[14.216488,42.42789],[14.216781,42.427775],[14.217056,42.427696],[14.217269,42.427674],[14.217621,42.42774],[14.217733,42.427772],[14.217938,42.427877],[14.218211,42.427942],[14.218707,42.427896],[14.219164,42.427755],[14.219734,42.427601],[14.22006,42.427576],[14.221056,42.427651],[14.221541,42.427713],[14.222367,42.427813],[14.222871,42.428041],[14.223165,42.427881],[14.223469,42.427658],[14.223837,42.427602],[14.223689,42.427299],[14.223664,42.427092],[14.223702,42.426737],[14.223784,42.426499],[14.223649,42.426349],[14.223347,42.42618],[14.223372,42.425919],[14.223405,42.425708],[14.223239,42.425581],[14.223127,42.425332],[14.22329,42.425122],[14.223486,42.424984],[14.223383,42.424749],[14.223356,42.424465],[14.223384,42.424145],[14.223397,42.423826],[14.223408,42.422957],[14.223345,42.422619],[14.223281,42.42215],[14.223188,42.421825],[14.223021,42.421356],[14.22286,42.42108],[14.222552,42.4207],[14.222282,42.420432],[14.221927,42.420114],[14.221673,42.419798],[14.221393,42.419589],[14.221267,42.419435],[14.220832,42.419504],[14.220441,42.419163],[14.220225,42.418941],[14.22017,42.418671],[14.220121,42.418477],[14.219703,42.418136],[14.219502,42.417955],[14.219392,42.417693],[14.219346,42.41753],[14.218908,42.417055],[14.218706,42.416914],[14.218605,42.416742],[14.218316,42.416564],[14.217859,42.416358],[14.217521,42.416181],[14.217239,42.415931],[14.216925,42.415726],[14.216784,42.415604],[14.21671,42.415423],[14.216497,42.415268],[14.216233,42.415208],[14.216028,42.415063],[14.215827,42.41485],[14.21561,42.4147],[14.21534,42.414711],[14.215049,42.41466],[14.214693,42.414711],[14.214362,42.414673],[14.214137,42.414437],[14.213677,42.414313],[14.213286,42.41444],[14.212976,42.414429],[14.212619,42.414359],[14.212247,42.414172],[14.211946,42.414013],[14.211725,42.413894],[14.211592,42.413843],[14.211563,42.413785],[14.211023,42.413664],[14.210708,42.413599],[14.210474,42.413584],[14.210182,42.413402],[14.209908,42.413206],[14.209675,42.412916],[14.209583,42.412744],[14.209281,42.412594],[14.209026,42.412506],[14.208859,42.412303],[14.208761,42.412149],[14.20855,42.412012],[14.20851,42.411782],[14.208514,42.41167],[14.208388,42.411593],[14.208293,42.411412],[14.208159,42.411199],[14.207888,42.410972],[14.207524,42.410727],[14.207376,42.41064],[14.207317,42.410464],[14.207094,42.410341],[14.206907,42.410222],[14.206631,42.409941],[14.206422,42.409706],[14.20629,42.409507],[14.206314,42.409336],[14.20606,42.409244],[14.205714,42.40898],[14.205656,42.408728],[14.205532,42.408452],[14.205511,42.408232],[14.205392,42.407988],[14.205222,42.407721],[14.204948,42.407557],[14.204619,42.407397],[14.204368,42.407265],[14.204099,42.407186],[14.203904,42.407198],[14.203738,42.407143],[14.203571,42.406921],[14.203419,42.406862],[14.203381,42.406551],[14.203277,42.406347],[14.203246,42.406172],[14.203219,42.406113],[14.202982,42.405909],[14.202886,42.405773],[14.202955,42.405634],[14.202886,42.405579],[14.202762,42.405524],[14.202706,42.405425],[14.202305,42.405138],[14.20208,42.404907],[14.201794,42.404739],[14.201483,42.404606],[14.201138,42.404428],[14.200815,42.404268],[14.200387,42.404035],[14.200058,42.403871],[14.199798,42.403563],[14.199454,42.403326],[14.199164,42.40323],[14.198745,42.402993],[14.19854,42.402856],[14.198179,42.402588],[14.197859,42.402374],[14.197017,42.401742],[14.196516,42.401446],[14.196044,42.401128],[14.195554,42.40094],[14.195188,42.400806],[14.194772,42.400556],[14.194492,42.400347],[14.194114,42.399997],[14.193955,42.39987],[14.193633,42.399629],[14.193501,42.399448],[14.19343,42.39934],[14.19338,42.399236],[14.19333,42.399087],[14.19331,42.399028],[14.193268,42.398902],[14.193107,42.398725],[14.19293,42.398539],[14.192751,42.398299],[14.192536,42.398194],[14.192338,42.398058],[14.192145,42.397953],[14.191918,42.397875],[14.191716,42.397729],[14.191624,42.397526],[14.191582,42.397296],[14.191484,42.397079],[14.191298,42.396938],[14.191063,42.396765],[14.190922,42.39662],[14.190809,42.396462],[14.190644,42.396281],[14.190522,42.396104],[14.190388,42.395923],[14.190274,42.395747],[14.190168,42.395548],[14.190076,42.395363],[14.190039,42.395187],[14.190035,42.394984],[14.189971,42.394799],[14.18984,42.394595],[14.189678,42.394396],[14.189342,42.394092],[14.189171,42.393933],[14.188942,42.393783],[14.188716,42.393664],[14.188392,42.393554],[14.188045,42.393597],[14.187722,42.393711],[14.18742,42.393808],[14.187209,42.393717],[14.187086,42.393531],[14.186888,42.393372],[14.186626,42.393199],[14.186391,42.393067],[14.185914,42.392825],[14.185721,42.392684],[14.185532,42.392566],[14.185321,42.392438],[14.18518,42.392275],[14.184994,42.392121],[14.184856,42.391957],[14.184828,42.391768],[14.184743,42.391533],[14.184679,42.391344],[14.184575,42.391149],[14.184477,42.390987],[14.184335,42.390702],[14.184243,42.390535],[14.184026,42.390398],[14.18387,42.390221],[14.183754,42.390027],[14.183651,42.389783],[14.183587,42.389571],[14.18352,42.389345],[14.183437,42.389174],[14.183239,42.389006],[14.182886,42.38908],[14.182735,42.389223],[14.182563,42.389392],[14.182358,42.389513],[14.182129,42.389628],[14.181865,42.389806],[14.181539,42.389912],[14.181082,42.389967],[14.180686,42.390064],[14.180399,42.390201],[14.180161,42.390253],[14.179858,42.390224],[14.179576,42.390186],[14.179331,42.390135],[14.179065,42.390025],[14.178863,42.38992],[14.17867,42.38981],[14.178337,42.389691],[14.178019,42.389653],[14.177765,42.389561],[14.177554,42.389465],[14.177261,42.389359],[14.176972,42.38933],[14.176678,42.389337],[14.176407,42.389371],[14.176172,42.389477],[14.175894,42.389547],[14.175635,42.389645],[14.1754,42.389746],[14.175093,42.389762],[14.17485,42.389783],[14.174566,42.389875],[14.174342,42.390013],[14.174115,42.390192],[14.173837,42.390348],[14.173548,42.39039],[14.173278,42.390564],[14.173112,42.390748],[14.172829,42.390984],[14.172615,42.391104],[14.172497,42.391306],[14.17241,42.391472],[14.172279,42.391696],[14.172121,42.391934],[14.171997,42.392117],[14.171936,42.39236],[14.1719,42.392562],[14.17184,42.39276],[14.171731,42.392966],[14.171586,42.39311],[14.171116,42.393327],[14.170884,42.393393],[14.170613,42.393431],[14.170366,42.39351],[14.170185,42.393631],[14.169989,42.393796],[14.169774,42.393934],[14.169542,42.393847],[14.169288,42.393719],[14.169059,42.393587],[14.168776,42.393404],[14.168541,42.393263],[14.168294,42.393099],[14.168111,42.392967],[14.167949,42.392772],[14.167748,42.392582],[14.167475,42.392364],[14.167344,42.392174],[14.16721,42.391957],[14.167109,42.391771],[14.166899,42.391567],[14.166694,42.391458],[14.166441,42.391505],[14.166154,42.391611],[14.165934,42.391704],[14.165852,42.391744],[14.165815,42.391775],[14.165661,42.391927],[14.165449,42.392097],[14.165199,42.392221],[14.164973,42.392314],[14.164759,42.392421],[14.164538,42.392531],[14.164264,42.392606],[14.163952,42.392523],[14.163713,42.392471],[14.163428,42.392474],[14.163147,42.392575],[14.162936,42.392677],[14.162743,42.392811],[14.162522,42.393003],[14.162273,42.393195],[14.162107,42.393365],[14.161959,42.393535],[14.161826,42.393709],[14.161587,42.394108],[14.161393,42.394296],[14.161115,42.39442],[14.1609,42.394545],[14.160749,42.394724],[14.160573,42.394916],[14.160401,42.395099],[14.160241,42.395242],[14.160005,42.395425],[14.159634,42.395458],[14.159349,42.395371],[14.159126,42.395243],[14.158867,42.395129],[14.158615,42.395077],[14.158353,42.394913],[14.15817,42.394777],[14.157921,42.394752],[14.157691,42.394881],[14.157402,42.394933],[14.157191,42.394828],[14.15702,42.394656],[14.156866,42.394587],[14.157037,42.394786],[14.157118,42.395039],[14.157094,42.39548],[14.157106,42.395706],[14.157094,42.395949],[14.157055,42.396164],[14.156973,42.396348],[14.156925,42.396573],[14.156885,42.396821],[14.156796,42.397086],[14.156736,42.397256],[14.156633,42.397454],[14.156504,42.397619],[14.156413,42.39779],[14.156328,42.398041],[14.156255,42.398293],[14.156267,42.398505],[14.156265,42.398685],[14.156222,42.398883],[14.156102,42.399018],[14.156074,42.399048],[14.155898,42.399285],[14.155923,42.399488],[14.156109,42.399634],[14.156158,42.399819],[14.15618,42.400012],[14.156177,42.400224],[14.156092,42.400422],[14.155926,42.400614],[14.155691,42.400716],[14.155396,42.400732],[14.155156,42.400743],[14.154868,42.40066],[14.154513,42.400378],[14.154288,42.400179],[14.15402,42.400046],[14.153744,42.399967],[14.153496,42.399921],[14.153217,42.399905],[14.15297,42.399957],[14.152729,42.400041],[14.152508,42.40017],[14.152272,42.400357],[14.152112,42.400509],[14.151875,42.400742],[14.151754,42.400925],[14.151641,42.401163],[14.151577,42.401406],[14.151544,42.401599],[14.151517,42.401842],[14.151504,42.402094],[14.15151,42.402328],[14.151502,42.402517],[14.151526,42.402743],[14.151604,42.403],[14.151678,42.403194],[14.15179,42.403465],[14.151982,42.40362],[14.152168,42.403774],[14.152329,42.403987],[14.152491,42.404146],[14.152718,42.404255],[14.152951,42.404329],[14.153286,42.404444],[14.153482,42.404549],[14.153669,42.404681],[14.153852,42.404804],[14.154167,42.404915],[14.154448,42.405007],[14.154699,42.405076],[14.154886,42.405199],[14.155064,42.405322],[14.155186,42.405507],[14.155276,42.405828],[14.15527,42.406008],[14.155246,42.406201],[14.155168,42.406408],[14.155092,42.406583],[14.15502,42.406767],[14.154953,42.406983],[14.154905,42.407194],[14.15485,42.407401],[14.15479,42.407598],[14.15476,42.407832],[14.154787,42.40808],[14.154848,42.40827],[14.15502,42.408573],[14.155148,42.408781],[14.155287,42.409038],[14.155391,42.409224],[14.155477,42.409396],[14.155604,42.409689],[14.155662,42.409879],[14.155714,42.410059],[14.155769,42.410253],[14.155775,42.410469],[14.155718,42.410658],[14.155612,42.410846],[14.155488,42.411062],[14.155128,42.411388],[14.154947,42.411535],[14.154685,42.41161],[14.154395,42.411648],[14.154105,42.411551],[14.153912,42.411446],[14.153722,42.411332],[14.153539,42.411173],[14.153447,42.411002],[14.153358,42.410816],[14.153306,42.410622],[14.153236,42.410446],[14.153111,42.410229],[14.152977,42.410039],[14.152785,42.409835],[14.152608,42.409694],[14.152327,42.409543],[14.152076,42.409465],[14.151791,42.409445],[14.15158,42.409569],[14.151526,42.409749],[14.151496,42.409938],[14.151542,42.410132],[14.151691,42.410525],[14.151783,42.41071],[14.15192,42.410923],[14.152078,42.411122],[14.152267,42.411353],[14.152419,42.411507],[14.152596,42.411675],[14.152771,42.411825],[14.152939,42.411993],[14.153109,42.412192],[14.153503,42.412745],[14.153736,42.41298],[14.153959,42.413144],[14.154245,42.413335],[14.154487,42.413459],[14.154661,42.413591],[14.154921,42.413669],[14.155402,42.413875],[14.155625,42.41398],[14.155948,42.414104],[14.156218,42.41416],[14.156491,42.414212],[14.156757,42.414299],[14.157012,42.414319],[14.157261,42.414321],[14.157504,42.414309],[14.157781,42.414303],[14.158054,42.414296],[14.158316,42.414293],[14.158617,42.414286],[14.158872,42.414261],[14.159195,42.414209],[14.159459,42.414211],[14.159797,42.414205],[14.160063,42.414279],[14.160292,42.41442],[14.160668,42.414742],[14.160877,42.414992],[14.161062,42.415232],[14.161259,42.415472],[14.16139,42.415684],[14.161469,42.415924],[14.161534,42.4161],[14.161564,42.416289],[14.161526,42.416473],[14.161492,42.416676],[14.161377,42.416868],[14.161169,42.416989],[14.160937,42.417068],[14.160699,42.417138],[14.160447,42.417186],[14.160218,42.417243],[14.159963,42.417227],[14.159709,42.417135],[14.159491,42.417044],[14.159225,42.416983],[14.158962,42.416869],[14.158705,42.416763],[14.158442,42.416667],[14.158169,42.416633],[14.157914,42.416631],[14.157604,42.416634],[14.157317,42.416699],[14.157127,42.416878],[14.157124,42.417058],[14.157225,42.417248],[14.15738,42.417433],[14.157491,42.41761],[14.15757,42.417782],[14.157652,42.418007],[14.157746,42.418242],[14.157847,42.418468],[14.157932,42.418644],[14.158009,42.418856],[14.158128,42.419051],[14.158225,42.419236],[14.158384,42.419418],[14.158604,42.419559],[14.158866,42.419696],[14.159096,42.41981],[14.159323,42.419879],[14.159593,42.419908],[14.159891,42.419883],[14.160126,42.419831],[14.160361,42.41972],[14.160854,42.419458],[14.161074,42.419316],[14.161271,42.419169],[14.161543,42.419049],[14.161772,42.418979],[14.162004,42.418913],[14.162277,42.418906],[14.162565,42.418939],[14.162783,42.419031],[14.163039,42.419168],[14.163195,42.419313],[14.163363,42.419499],[14.163495,42.419649],[14.163583,42.419834],[14.163672,42.420046],[14.163706,42.420249],[14.163682,42.420434],[14.16363,42.420658],[14.16357,42.420874],[14.163445,42.421139],[14.163345,42.421305],[14.163218,42.421488],[14.16306,42.42169],[14.162931,42.421851],[14.162794,42.422039],[14.162744,42.422214],[14.162723,42.422412],[14.162687,42.422615],[14.162702,42.422831],[14.162781,42.423021],[14.162906,42.423251],[14.163016,42.423414],[14.163303,42.423767],[14.163522,42.423994],[14.163663,42.424139],[14.163825,42.424311],[14.163971,42.424479],[14.164137,42.424629],[14.164302,42.424761],[14.164479,42.424902],[14.164645,42.425047],[14.164876,42.425224],[14.16506,42.425352],[14.165268,42.425466],[14.165513,42.425562],[14.165807,42.42565],[14.165943,42.42566],[14.166183,42.425702],[14.166495,42.425763],[14.166884,42.42577],[14.167318,42.4258],[14.167716,42.425803],[14.168166,42.425752],[14.168396,42.42566],[14.16889,42.425713],[14.169271,42.425864],[14.169718,42.426083],[14.170063,42.426207],[14.170397,42.426453],[14.170655,42.42673],[14.170819,42.426929],[14.170972,42.42729],[14.171069,42.427588],[14.171249,42.427954],[14.171319,42.428229],[14.171435,42.428415],[14.17149,42.428613],[14.171496,42.428838],[14.171354,42.429027],[14.171111,42.429232],[14.170694,42.429229],[14.170419,42.429146],[14.169849,42.428845],[14.169448,42.428589],[14.168947,42.428316],[14.168377,42.428221],[14.168021,42.42821],[14.167698,42.428275],[14.167496,42.428404],[14.167351,42.428547],[14.167136,42.428771],[14.166931,42.429071],[14.166775,42.429385],[14.166598,42.429658],[14.166354,42.429994],[14.166132,42.430195],[14.165841,42.430418],[14.16567,42.43048],[14.165446,42.430591],[14.165218,42.430648],[14.164929,42.430659],[14.164664,42.430698],[14.164432,42.430773],[14.16429,42.430934],[14.164208,42.431163],[14.164233,42.431343],[14.164285,42.431528],[14.16434,42.431722],[14.164389,42.43197],[14.164444,42.432151],[14.164545,42.432336],[14.164673,42.432513],[14.164829,42.432671],[14.165075,42.432889],[14.165277,42.433026],[14.165488,42.43314],[14.165747,42.433155],[14.166067,42.433306],[14.166381,42.433471],[14.166846,42.433699],[14.167374,42.433955],[14.167887,42.434274],[14.168311,42.434579],[14.168948,42.434939],[14.169183,42.435099],[14.169583,42.435381],[14.170086,42.435726],[14.170508,42.435991],[14.170732,42.436258],[14.171074,42.436423],[14.171309,42.436591],[14.171414,42.436875],[14.171567,42.437025],[14.171872,42.436951],[14.17212,42.43684],[14.172523,42.43646],[14.172759,42.436291],[14.172922,42.436139],[14.173201,42.435988],[14.173663,42.43573],[14.173835,42.435637]]]]}},
{"type":"Feature","properties":{"id":305,"codice_istat":69094,"nome":"Torrevecchia Teatina","codice_pro":69,"codice_reg":13,"codice_cm":"z","codice_catastale":"L284"},"geometry":{"type":"MultiPolygon","coordinates":[[[[14.251485,42.416655],[14.251541,42.416552],[14.251659,42.416359],[14.25198,42.416168],[14.252278,42.415904],[14.252417,42.415756],[14.252571,42.415568],[14.25279,42.415556],[14.25303,42.415499],[14.253099,42.415306],[14.253271,42.415185],[14.253487,42.415178],[14.253661,42.415102],[14.254106,42.414754],[14.254314,42.414562],[14.254477,42.414477],[14.254751,42.414416],[14.254852,42.414363],[14.254886,42.414273],[14.254639,42.414069],[14.254792,42.414029],[14.255009,42.413922],[14.255217,42.413802],[14.255453,42.413624],[14.255814,42.413405],[14.255915,42.413302],[14.256013,42.413263],[14.256464,42.413175],[14.256622,42.413131],[14.256681,42.413024],[14.25667,42.412911],[14.256726,42.412799],[14.256782,42.412732],[14.256959,42.412665],[14.257249,42.412577],[14.257337,42.412542],[14.257736,42.412513],[14.257845,42.412545],[14.258112,42.412547],[14.25837,42.412562],[14.258549,42.412568],[14.258843,42.412632],[14.259139,42.412778],[14.259421,42.412861],[14.259615,42.412885],[14.259809,42.412913],[14.25978,42.412792],[14.259771,42.412539],[14.259877,42.412522],[14.260139,42.412519],[14.260615,42.412599],[14.260841,42.412726],[14.26108,42.412827],[14.261304,42.412932],[14.261412,42.412991],[14.261482,42.412767],[14.261397,42.41246],[14.261481,42.412082],[14.261648,42.411583],[14.261681,42.41135],[14.261731,42.411165],[14.261971,42.410951],[14.262192,42.410785],[14.262311,42.410687],[14.262535,42.410549],[14.262874,42.410407],[14.263188,42.410279],[14.263496,42.41015],[14.263735,42.40998],[14.26395,42.409811],[14.2641,42.409686],[14.264186,42.409632],[14.26435,42.409403],[14.26439,42.409107],[14.264323,42.408845],[14.264303,42.408462],[14.264226,42.408065],[14.264162,42.407529],[14.264048,42.406848],[14.26391,42.406501],[14.263803,42.406243],[14.263695,42.405892],[14.263717,42.405568],[14.263761,42.405176],[14.263797,42.40474],[14.263853,42.404555],[14.263849,42.404389],[14.263729,42.404275],[14.263551,42.404193],[14.263177,42.404182],[14.262937,42.40418],[14.262652,42.404178],[14.262284,42.404234],[14.26205,42.404242],[14.261754,42.404312],[14.261541,42.404383],[14.261398,42.404386],[14.261289,42.404327],[14.261212,42.404196],[14.261247,42.404012],[14.261365,42.403828],[14.261528,42.403685],[14.261686,42.403416],[14.261786,42.403124],[14.261759,42.402822],[14.26172,42.402033],[14.261679,42.401668],[14.261624,42.401416],[14.261536,42.401163],[14.261466,42.400897],[14.261351,42.400568],[14.261184,42.40031],[14.261097,42.400026],[14.261029,42.399818],[14.261049,42.399652],[14.261053,42.399377],[14.261058,42.399174],[14.261057,42.399042],[14.261057,42.398999],[14.260963,42.39876],[14.260604,42.398546],[14.260278,42.398377],[14.259885,42.398176],[14.259666,42.39799],[14.259347,42.397713],[14.259053,42.397423],[14.258551,42.397222],[14.258204,42.397022],[14.257861,42.396952],[14.257456,42.396819],[14.257293,42.39643],[14.256988,42.395834],[14.256719,42.395423],[14.256418,42.394975],[14.256175,42.394681],[14.256031,42.394554],[14.255884,42.39412],[14.255744,42.393894],[14.255779,42.393719],[14.255714,42.393376],[14.255619,42.393114],[14.255401,42.392825],[14.255269,42.392657],[14.252812,42.392407],[14.252668,42.392001],[14.252566,42.391663],[14.252325,42.391229],[14.251944,42.390853],[14.251555,42.390602],[14.25119,42.390433],[14.250675,42.390304],[14.250147,42.390238],[14.250058,42.390102],[14.250012,42.389881],[14.250028,42.389543],[14.250108,42.389161],[14.250186,42.389],[14.250195,42.388738],[14.250323,42.388474],[14.250461,42.388092],[14.25025,42.387185],[14.250095,42.386721],[14.249968,42.386391],[14.249892,42.386143],[14.249636,42.385988],[14.249228,42.385805],[14.249134,42.385809],[14.248766,42.38587],[14.248475,42.385823],[14.248233,42.385718],[14.247979,42.385648],[14.247733,42.38562],[14.247457,42.385569],[14.247218,42.385513],[14.246915,42.385466],[14.246645,42.385424],[14.246397,42.385354],[14.246115,42.385285],[14.245867,42.385193],[14.245616,42.385151],[14.245386,42.385087],[14.245166,42.384959],[14.244997,42.384823],[14.244826,42.384633],[14.244752,42.384466],[14.244733,42.384281],[14.244675,42.384091],[14.244595,42.383902],[14.244534,42.383721],[14.244457,42.38355],[14.24432,42.383323],[14.244304,42.383143],[14.244328,42.382878],[14.244373,42.382644],[14.2444,42.382464],[14.244351,42.382243],[14.244259,42.382013],[14.244177,42.381814],[14.244089,42.381566],[14.244009,42.38139],[14.243628,42.381464],[14.243399,42.381579],[14.243222,42.381709],[14.242998,42.38186],[14.242763,42.381931],[14.24254,42.381857],[14.242248,42.381585],[14.242057,42.381363],[14.241938,42.38116],[14.241844,42.380894],[14.241733,42.380704],[14.241502,42.380522],[14.241273,42.380336],[14.241172,42.380142],[14.24117,42.379849],[14.24116,42.379673],[14.240855,42.379536],[14.24058,42.379444],[14.240313,42.379362],[14.240004,42.379287],[14.239726,42.379196],[14.239414,42.379139],[14.239156,42.37912],[14.238917,42.379078],[14.238647,42.379067],[14.23838,42.379051],[14.238089,42.378996],[14.237856,42.378913],[14.237594,42.37874],[14.237416,42.378608],[14.237139,42.37848],[14.236921,42.378402],[14.236679,42.378297],[14.236431,42.378196],[14.23616,42.378082],[14.235924,42.377995],[14.235555,42.377871],[14.235186,42.377693],[14.23483,42.377519],[14.234464,42.377382],[14.234125,42.377299],[14.233841,42.377247],[14.233512,42.377092],[14.233156,42.376882],[14.232848,42.376727],[14.232534,42.376608],[14.232228,42.37652],[14.231892,42.376437],[14.231532,42.376358],[14.230942,42.376174],[14.230606,42.376059],[14.230243,42.37594],[14.22991,42.375852],[14.229307,42.375731],[14.229053,42.375662],[14.228769,42.375547],[14.228586,42.375402],[14.22842,42.375261],[14.228204,42.375093],[14.227985,42.374844],[14.227866,42.374681],[14.227701,42.374468],[14.22756,42.374319],[14.227273,42.373997],[14.22709,42.37378],[14.226953,42.37363],[14.22677,42.373453],[14.226568,42.373303],[14.226128,42.373008],[14.225896,42.372867],[14.225643,42.372725],[14.225444,42.37262],[14.225257,42.372488],[14.225101,42.372334],[14.224912,42.372175],[14.224645,42.372156],[14.224403,42.372321],[14.224182,42.372504],[14.223921,42.372736],[14.223673,42.372937],[14.223485,42.373107],[14.223289,42.373308],[14.223071,42.373496],[14.222851,42.373598],[14.222604,42.373632],[14.222304,42.373585],[14.22206,42.37348],[14.221767,42.373343],[14.221422,42.373241],[14.221083,42.373194],[14.220707,42.373156],[14.220303,42.373103],[14.219982,42.373034],[14.219756,42.372915],[14.219549,42.372742],[14.219136,42.372478],[14.218868,42.372332],[14.218602,42.372209],[14.218379,42.372077],[14.218138,42.371945],[14.217921,42.371808],[14.217701,42.371627],[14.217503,42.371441],[14.217357,42.371273],[14.21725,42.371043],[14.217153,42.370817],[14.217055,42.370645],[14.216927,42.370451],[14.216795,42.37027],[14.216529,42.369921],[14.216215,42.369824],[14.215983,42.369913],[14.215853,42.37007],[14.215718,42.370222],[14.215455,42.370373],[14.215157,42.370434],[14.214631,42.370701],[14.214325,42.370676],[14.214048,42.370688],[14.213994,42.370899],[14.213995,42.371101],[14.213778,42.371181],[14.213532,42.371166],[14.213333,42.371282],[14.213264,42.371488],[14.213329,42.371673],[14.213435,42.371877],[14.21342,42.372115],[14.213342,42.37229],[14.213164,42.372451],[14.212914,42.372544],[14.212796,42.372701],[14.212861,42.372917],[14.212727,42.37316],[14.212581,42.373402],[14.21244,42.373554],[14.212271,42.373719],[14.212044,42.373884],[14.21177,42.373905],[14.211515,42.373917],[14.211446,42.374101],[14.211256,42.37423],[14.2109,42.374286],[14.210593,42.374361],[14.21027,42.374439],[14.210007,42.374564],[14.209808,42.374711],[14.209606,42.37484],[14.209354,42.374852],[14.209088,42.374936],[14.208953,42.375106],[14.208661,42.375086],[14.208474,42.37526],[14.208329,42.375417],[14.208088,42.375501],[14.207808,42.37558],[14.207553,42.375587],[14.20731,42.375581],[14.207074,42.37553],[14.206825,42.375546],[14.206548,42.375553],[14.206254,42.375542],[14.206028,42.375662],[14.205811,42.375764],[14.205573,42.375803],[14.205263,42.375841],[14.204998,42.375898],[14.204728,42.37591],[14.204415,42.375898],[14.204164,42.375865],[14.203918,42.375859],[14.203689,42.37597],[14.203428,42.375923],[14.203144,42.375849],[14.202889,42.375838],[14.202612,42.375877],[14.202394,42.375799],[14.202253,42.375649],[14.202021,42.375544],[14.201757,42.37556],[14.201509,42.375657],[14.201254,42.37571],[14.200977,42.375708],[14.200626,42.375656],[14.200334,42.375712],[14.199719,42.375604],[14.199414,42.375652],[14.199168,42.375682],[14.198905,42.375626],[14.198601,42.375597],[14.198246,42.375599],[14.198023,42.375687],[14.197847,42.375911],[14.197734,42.376221],[14.197674,42.37641],[14.197531,42.376692],[14.197439,42.376948],[14.197364,42.377177],[14.197325,42.377362],[14.197271,42.377546],[14.197247,42.37774],[14.197202,42.37796],[14.197148,42.37814],[14.196978,42.378346],[14.196732,42.378393],[14.196425,42.378414],[14.195839,42.378396],[14.195576,42.378507],[14.195449,42.378691],[14.195337,42.378901],[14.19519,42.379044],[14.194983,42.379304],[14.194793,42.379442],[14.194564,42.379531],[14.194321,42.379759],[14.194255,42.379947],[14.194185,42.380213],[14.193998,42.380351],[14.194183,42.380577],[14.194404,42.380646],[14.194783,42.380717],[14.196006,42.381004],[14.196245,42.381083],[14.196478,42.381125],[14.196784,42.381167],[14.197051,42.381223],[14.197375,42.38128],[14.19793,42.38136],[14.198251,42.381425],[14.198547,42.381499],[14.19882,42.38156],[14.199087,42.381607],[14.199416,42.381731],[14.199615,42.38184],[14.199893,42.38195],[14.200129,42.382019],[14.200368,42.38212],[14.200567,42.38223],[14.200759,42.382361],[14.200988,42.382548],[14.201178,42.382675],[14.201431,42.382812],[14.201648,42.382935],[14.201883,42.383054],[14.202146,42.383168],[14.202367,42.383242],[14.202669,42.383388],[14.202931,42.383529],[14.203239,42.383653],[14.203571,42.383804],[14.203777,42.383918],[14.204063,42.384046],[14.204347,42.384201],[14.204615,42.384392],[14.204849,42.384623],[14.205277,42.385122],[14.205424,42.385271],[14.20564,42.385475],[14.20585,42.385661],[14.206096,42.385879],[14.206307,42.386047],[14.206444,42.386219],[14.206603,42.386405],[14.207032,42.386813],[14.207212,42.386981],[14.207353,42.387153],[14.207462,42.38737],[14.207629,42.387614],[14.207773,42.387814],[14.207967,42.38831],[14.208075,42.388617],[14.208121,42.388811],[14.20818,42.38901],[14.208243,42.389253],[14.208299,42.389704],[14.208335,42.389911],[14.208387,42.390137],[14.208497,42.390349],[14.208701,42.390544],[14.208954,42.390717],[14.209253,42.390877],[14.209551,42.391036],[14.209832,42.391142],[14.210147,42.391284],[14.210696,42.391549],[14.210937,42.391672],[14.211668,42.392023],[14.211909,42.392165],[14.212132,42.392297],[14.212449,42.392484],[14.212953,42.392744],[14.213266,42.392944],[14.213553,42.393117],[14.21386,42.39329],[14.214105,42.393364],[14.214356,42.393478],[14.214439,42.393673],[14.214379,42.393866],[14.214167,42.394026],[14.214016,42.394205],[14.213998,42.39443],[14.213996,42.394611],[14.213932,42.39484],[14.213841,42.395055],[14.213763,42.39528],[14.213648,42.395455],[14.213319,42.395772],[14.213186,42.395929],[14.212996,42.396072],[14.212836,42.396251],[14.212956,42.396409],[14.213148,42.396563],[14.213325,42.396749],[14.21349,42.396917],[14.213671,42.397058],[14.214071,42.397335],[14.214254,42.397485],[14.214483,42.397635],[14.214716,42.397772],[14.214805,42.397939],[14.214982,42.398084],[14.215166,42.398203],[14.215471,42.398313],[14.215692,42.398387],[14.215931,42.398501],[14.216089,42.398704],[14.216266,42.398895],[14.216504,42.399013],[14.216511,42.399038],[14.216525,42.399086],[14.216627,42.399199],[14.216784,42.399281],[14.216844,42.399295],[14.217026,42.399557],[14.217264,42.399703],[14.217384,42.399857],[14.217443,42.400029],[14.217557,42.400074],[14.217754,42.400184],[14.217861,42.400315],[14.217996,42.400492],[14.218216,42.40061],[14.218446,42.400693],[14.218499,42.400788],[14.218621,42.401018],[14.218781,42.401087],[14.219014,42.401174],[14.219149,42.401332],[14.219378,42.401699],[14.219572,42.401759],[14.219838,42.401868],[14.220019,42.40196],[14.220218,42.402078],[14.220404,42.402264],[14.220639,42.402414],[14.220838,42.402533],[14.221007,42.402646],[14.221344,42.402923],[14.221523,42.40315],[14.221675,42.403124],[14.222077,42.403518],[14.222333,42.403741],[14.222538,42.403882],[14.222699,42.404112],[14.222858,42.404294],[14.222984,42.404429],[14.223127,42.404638],[14.223271,42.404801],[14.22339,42.404738],[14.223478,42.404761],[14.223704,42.404907],[14.223938,42.405143],[14.223885,42.405237],[14.223816,42.405394],[14.223812,42.405529],[14.22405,42.405616],[14.224375,42.405655],[14.224556,42.405795],[14.224645,42.405936],[14.22475,42.406026],[14.225303,42.40626],[14.225354,42.40635],[14.225423,42.406661],[14.225589,42.406766],[14.225829,42.406952],[14.226047,42.407044],[14.226299,42.407077],[14.226617,42.407151],[14.226706,42.407282],[14.226824,42.407315],[14.227007,42.407293],[14.227142,42.407465],[14.227248,42.407714],[14.227546,42.407725],[14.227796,42.407853],[14.228175,42.407891],[14.228553,42.408042],[14.228883,42.408171],[14.229136,42.408334],[14.229153,42.408434],[14.229115,42.408582],[14.229159,42.408699],[14.229406,42.408854],[14.229476,42.40912],[14.22956,42.409193],[14.229673,42.409185],[14.229861,42.409154],[14.229933,42.409236],[14.229829,42.409339],[14.229904,42.409402],[14.230115,42.409512],[14.230078,42.409565],[14.230079,42.409705],[14.230192,42.409692],[14.230318,42.409599],[14.230476,42.409564],[14.230695,42.409579],[14.230814,42.409773],[14.231051,42.410027],[14.23134,42.410195],[14.231501,42.410503],[14.231655,42.410778],[14.231962,42.411019],[14.232211,42.411043],[14.232295,42.411165],[14.232575,42.411311],[14.232956,42.41148],[14.23338,42.4116],[14.233889,42.411716],[14.234195,42.411772],[14.234382,42.411918],[14.234682,42.412221],[14.23488,42.412416],[14.235128,42.412468],[14.235424,42.412429],[14.235745,42.412449],[14.235979,42.412509],[14.236201,42.4127],[14.236454,42.412877],[14.236912,42.412952],[14.237294,42.413067],[14.237571,42.413281],[14.237757,42.413435],[14.238008,42.413567],[14.238274,42.41343],[14.238383,42.413399],[14.238576,42.413553],[14.238696,42.413428],[14.238825,42.413307],[14.238963,42.413196],[14.239047,42.413066],[14.239104,42.413129],[14.239145,42.413255],[14.239252,42.413459],[14.23948,42.41364],[14.239711,42.413646],[14.239863,42.413629],[14.24032,42.413794],[14.240666,42.413851],[14.240862,42.413983],[14.240944,42.414172],[14.241189,42.414277],[14.241369,42.414261],[14.241715,42.414542],[14.242041,42.41467],[14.242356,42.414754],[14.242599,42.4148],[14.242844,42.414838],[14.243065,42.414907],[14.243255,42.41503],[14.243317,42.415251],[14.243558,42.415356],[14.243785,42.415438],[14.243927,42.415498],[14.244103,42.415522],[14.244267,42.415527],[14.244399,42.415722],[14.244613,42.415849],[14.244795,42.415877],[14.245049,42.415924],[14.245337,42.41602],[14.245579,42.416076],[14.245668,42.416063],[14.245869,42.416213],[14.24623,42.416269],[14.246436,42.416361],[14.246623,42.416493],[14.246788,42.416593],[14.246881,42.416751],[14.24709,42.416797],[14.247252,42.416686],[14.247449,42.41675],[14.247713,42.416793],[14.247796,42.41669],[14.247888,42.416636],[14.248013,42.416556],[14.248175,42.416489],[14.248373,42.416504],[14.248634,42.416465],[14.248829,42.41644],[14.248893,42.416427],[14.24912,42.416478],[14.249341,42.416556],[14.249683,42.41645],[14.249944,42.416713],[14.250343,42.416621],[14.250573,42.416744],[14.250818,42.416831],[14.250978,42.416877],[14.251228,42.41682],[14.25139,42.416767],[14.251485,42.416655]]]]}},
{"type":"Feature","properties":{"id":314,"codice_istat":69101,"nome":"Villamagna","codice_pro":69,"codice_reg":13,"codice_cm":"z","codice_catastale":"L964"},"geometry":{"type":"MultiPolygon","coordinates":[[[[14.252771,42.348],[14.253238,42.34776],[14.253416,42.347586],[14.253503,42.347411],[14.253566,42.347217],[14.253623,42.347011],[14.253704,42.346836],[14.253798,42.34662],[14.254007,42.346158],[14.254112,42.345992],[14.254233,42.345776],[14.254369,42.345575],[14.254591,42.345301],[14.254772,42.345086],[14.254944,42.344894],[14.255117,42.344656],[14.255263,42.344432],[14.255404,42.344253],[14.255564,42.34406],[14.255688,42.343868],[14.2558,42.343652],[14.255899,42.343477],[14.255962,42.343302],[14.256067,42.343118],[14.256154,42.342943],[14.256202,42.342763],[14.256202,42.342489],[14.256106,42.341853],[14.256043,42.341537],[14.255943,42.34105],[14.255895,42.340748],[14.255861,42.340492],[14.25584,42.340257],[14.255906,42.340073],[14.256163,42.339913],[14.256608,42.339686],[14.256747,42.339516],[14.256652,42.339348],[14.256684,42.339151],[14.256796,42.338944],[14.256924,42.338688],[14.257168,42.338586],[14.257405,42.338511],[14.257642,42.338472],[14.257901,42.338438],[14.258144,42.338404],[14.258408,42.338428],[14.258696,42.338425],[14.258956,42.338481],[14.259118,42.338626],[14.259071,42.338824],[14.258887,42.339169],[14.25864,42.339285],[14.258397,42.33936],[14.258222,42.339485],[14.258123,42.339664],[14.258309,42.33985],[14.258571,42.339982],[14.258883,42.340047],[14.259156,42.340099],[14.259413,42.340172],[14.259691,42.340242],[14.260043,42.340267],[14.260346,42.340318],[14.260669,42.340433],[14.260987,42.340529],[14.261292,42.340608],[14.261598,42.340691],[14.261846,42.340733],[14.262104,42.340739],[14.262444,42.340764],[14.26269,42.340756],[14.26296,42.340691],[14.263208,42.340562],[14.263419,42.340446],[14.263686,42.340439],[14.263842,42.340277],[14.263899,42.340102],[14.263971,42.339909],[14.26398,42.339702],[14.263933,42.339504],[14.263857,42.339287],[14.263704,42.339092],[14.263546,42.338875],[14.263402,42.338712],[14.263002,42.338408],[14.262776,42.338303],[14.262516,42.338184],[14.262232,42.338061],[14.261755,42.337882],[14.261456,42.33775],[14.261227,42.337631],[14.260937,42.337476],[14.260709,42.337326],[14.260474,42.337153],[14.260263,42.337008],[14.260061,42.336876],[14.259857,42.336749],[14.259591,42.336585],[14.259387,42.336439],[14.259213,42.336281],[14.259033,42.33609],[14.258856,42.335905],[14.258727,42.335751],[14.258591,42.335489],[14.258445,42.33524],[14.258203,42.335135],[14.258032,42.334985],[14.257844,42.3347],[14.257777,42.33447],[14.25778,42.33425],[14.257758,42.334033],[14.257697,42.33379],[14.257604,42.333496],[14.257458,42.333009],[14.257379,42.332721],[14.257297,42.332477],[14.257202,42.332269],[14.257087,42.331994],[14.256966,42.331754],[14.256875,42.331515],[14.25681,42.331307],[14.256715,42.33114],[14.256563,42.330905],[14.256393,42.330701],[14.256264,42.330538],[14.256133,42.330344],[14.25605,42.330168],[14.255923,42.329879],[14.255818,42.329545],[14.25573,42.32922],[14.255658,42.328909],[14.255621,42.328729],[14.255539,42.328449],[14.255455,42.328165],[14.255388,42.327881],[14.255291,42.327641],[14.255175,42.32742],[14.255081,42.327167],[14.255023,42.326969],[14.254976,42.326784],[14.254924,42.326545],[14.254921,42.326315],[14.254954,42.326077],[14.254948,42.325833],[14.254969,42.325572],[14.255029,42.325366],[14.255068,42.325145],[14.255095,42.324952],[14.255113,42.324749],[14.255118,42.324511],[14.255136,42.324281],[14.255142,42.324025],[14.255147,42.32366],[14.255159,42.323363],[14.255146,42.323169],[14.255061,42.322988],[14.25492,42.322803],[14.254767,42.322626],[14.254724,42.322446],[14.254656,42.322265],[14.254455,42.321814],[14.254369,42.321642],[14.254221,42.321398],[14.254042,42.321149],[14.253847,42.320914],[14.253619,42.32075],[14.253368,42.32064],[14.252843,42.320394],[14.252357,42.320192],[14.252116,42.320078],[14.251845,42.319914],[14.251571,42.319737],[14.251372,42.319587],[14.251213,42.319447],[14.251045,42.319265],[14.250732,42.318858],[14.2506,42.318704],[14.250225,42.318337],[14.250106,42.318156],[14.249911,42.31793],[14.249762,42.317744],[14.249555,42.317567],[14.249417,42.317422],[14.249146,42.3172],[14.249008,42.317077],[14.248865,42.316928],[14.2487,42.316769],[14.248611,42.316561],[14.248525,42.31638],[14.248369,42.316226],[14.24817,42.316117],[14.247988,42.315927],[14.247745,42.315704],[14.247416,42.315549],[14.247171,42.315494],[14.246947,42.315136],[14.246691,42.314783],[14.246541,42.314598],[14.24638,42.314421],[14.246239,42.314258],[14.245918,42.313936],[14.245768,42.313773],[14.245646,42.313592],[14.245539,42.313398],[14.245448,42.313181],[14.24542,42.312992],[14.245356,42.312726],[14.245302,42.312478],[14.245216,42.312266],[14.245158,42.312085],[14.24506,42.311882],[14.244975,42.311656],[14.244904,42.311444],[14.244838,42.311196],[14.244843,42.311016],[14.244764,42.310795],[14.244501,42.310464],[14.244305,42.310314],[14.244036,42.310218],[14.243755,42.310176],[14.243495,42.310097],[14.243172,42.309978],[14.242799,42.309971],[14.24248,42.30996],[14.242238,42.309941],[14.241974,42.309907],[14.24172,42.309915],[14.241376,42.309971],[14.241104,42.309897],[14.240881,42.309769],[14.240701,42.309633],[14.24049,42.309465],[14.240226,42.309252],[14.23971,42.309001],[14.239424,42.308841],[14.23918,42.308691],[14.238967,42.308532],[14.238751,42.308355],[14.238498,42.30816],[14.238269,42.308009],[14.237946,42.307931],[14.237615,42.307906],[14.237188,42.307881],[14.237046,42.308105],[14.23698,42.308307],[14.236914,42.308491],[14.236652,42.309106],[14.236416,42.309546],[14.236304,42.309748],[14.236207,42.309982],[14.236153,42.310211],[14.236153,42.310418],[14.236251,42.310648],[14.236342,42.310892],[14.236357,42.311171],[14.236251,42.311382],[14.236142,42.311575],[14.23607,42.311764],[14.235968,42.311934],[14.235813,42.31219],[14.235495,42.312192],[14.235222,42.31215],[14.234881,42.31208],[14.234596,42.312038],[14.234299,42.312004],[14.234045,42.311975],[14.233769,42.311938],[14.233224,42.311875],[14.232809,42.311837],[14.232782,42.31203],[14.232755,42.312228],[14.232708,42.312408],[14.232665,42.312646],[14.23265,42.312871],[14.232605,42.31315],[14.232547,42.31337],[14.232481,42.313577],[14.232397,42.313747],[14.232252,42.313967],[14.232116,42.314196],[14.232,42.314434],[14.231768,42.314828],[14.231687,42.315022],[14.231578,42.315223],[14.231524,42.315417],[14.231436,42.315664],[14.231376,42.315893],[14.231288,42.316136],[14.231158,42.316369],[14.231119,42.316567],[14.231083,42.316774],[14.230972,42.316944],[14.230839,42.317105],[14.23068,42.317253],[14.230429,42.317431],[14.230235,42.317628],[14.230048,42.317798],[14.229798,42.317945],[14.229614,42.318119],[14.229442,42.318267],[14.229209,42.318445],[14.22902,42.318574],[14.228827,42.318731],[14.228788,42.318929],[14.228782,42.319136],[14.22867,42.319342],[14.22851,42.319553],[14.228354,42.319691],[14.228151,42.319852],[14.228001,42.320022],[14.227793,42.320138],[14.227554,42.3201],[14.227274,42.31994],[14.227027,42.319759],[14.226829,42.319618],[14.226621,42.319454],[14.226413,42.319331],[14.226124,42.319208],[14.225906,42.319116],[14.225339,42.318892],[14.22506,42.318854],[14.224788,42.318775],[14.224541,42.318675],[14.224296,42.318556],[14.224071,42.31841],[14.223752,42.318197],[14.223502,42.317979],[14.223265,42.317775],[14.222661,42.317311],[14.222436,42.317102],[14.222183,42.316979],[14.221938,42.31691],[14.22166,42.316796],[14.221443,42.316695],[14.221232,42.316608],[14.221018,42.316516],[14.220779,42.316479],[14.220629,42.316334],[14.220686,42.3161],[14.220825,42.315894],[14.22094,42.315701],[14.221055,42.315495],[14.221075,42.315306],[14.220811,42.315358],[14.220585,42.315428],[14.220333,42.315485],[14.220089,42.315551],[14.219772,42.315666],[14.219529,42.315723],[14.21928,42.315771],[14.219015,42.315841],[14.218756,42.31592],[14.2185,42.316004],[14.218244,42.31607],[14.218007,42.316167],[14.217712,42.31621],[14.21746,42.31624],[14.217245,42.316158],[14.21681,42.315826],[14.216675,42.315667],[14.216519,42.315504],[14.216331,42.315305],[14.216126,42.315173],[14.215958,42.315041],[14.215787,42.314837],[14.215616,42.314701],[14.215365,42.314618],[14.215017,42.314602],[14.214769,42.314547],[14.214499,42.314509],[14.214248,42.314489],[14.213872,42.31441],[14.213589,42.314498],[14.213144,42.314671],[14.212856,42.314673],[14.212556,42.314644],[14.212235,42.314583],[14.211956,42.314608],[14.211235,42.314793],[14.210924,42.314867],[14.210605,42.314919],[14.210277,42.314921],[14.209953,42.314914],[14.209619,42.31493],[14.20936,42.315036],[14.209303,42.315238],[14.209263,42.315477],[14.209218,42.315706],[14.209166,42.315944],[14.209231,42.31613],[14.209264,42.316359],[14.209286,42.316553],[14.209371,42.316819],[14.209444,42.317009],[14.209475,42.317216],[14.209491,42.317415],[14.20963,42.31765],[14.209877,42.317805],[14.210149,42.317919],[14.210421,42.318015],[14.210513,42.318192],[14.210494,42.318448],[14.21037,42.318637],[14.210216,42.318834],[14.210026,42.319048],[14.209869,42.319214],[14.209781,42.319429],[14.209742,42.319627],[14.209743,42.31983],[14.209795,42.320227],[14.20976,42.320411],[14.209751,42.320618],[14.209748,42.320843],[14.209818,42.321087],[14.209903,42.321326],[14.209964,42.321511],[14.210049,42.321759],[14.210165,42.321958],[14.210296,42.322166],[14.210391,42.322342],[14.210425,42.322532],[14.210424,42.322811],[14.210464,42.323018],[14.210574,42.323249],[14.210753,42.3237],[14.21092,42.324152],[14.210994,42.324332],[14.211059,42.324513],[14.211144,42.324734],[14.21122,42.32496],[14.211299,42.325181],[14.211366,42.325384],[14.211466,42.325628],[14.21153,42.325858],[14.211595,42.326043],[14.211673,42.3263],[14.211793,42.326657],[14.211839,42.326855],[14.211894,42.327081],[14.211916,42.327306],[14.211892,42.327491],[14.211726,42.327665],[14.21144,42.327771],[14.211174,42.327886],[14.210881,42.328019],[14.21062,42.328013],[14.210492,42.327855],[14.21034,42.327642],[14.210156,42.32751],[14.210031,42.327343],[14.209967,42.327117],[14.209916,42.326865],[14.209946,42.326653],[14.209961,42.326379],[14.209952,42.326108],[14.209901,42.32586],[14.209665,42.32576],[14.209467,42.325884],[14.209431,42.326109],[14.209406,42.326361],[14.209189,42.326517],[14.208944,42.326669],[14.208829,42.326866],[14.208857,42.327064],[14.208976,42.327259],[14.209028,42.32748],[14.208922,42.327713],[14.208695,42.327914],[14.208416,42.327885],[14.208167,42.327875],[14.20785,42.327994],[14.207628,42.328069],[14.207361,42.328099],[14.207109,42.328295],[14.207298,42.328495],[14.207548,42.328613],[14.207787,42.32866],[14.208044,42.328734],[14.208196,42.328983],[14.208434,42.329128],[14.208654,42.329233],[14.208864,42.329406],[14.209011,42.329596],[14.209066,42.329786],[14.209076,42.329984],[14.209185,42.330232],[14.209374,42.330373],[14.209569,42.330532],[14.209747,42.330655],[14.209939,42.330782],[14.210174,42.330946],[14.210431,42.331038],[14.210697,42.331098],[14.210952,42.331104],[14.211191,42.331147],[14.211338,42.331301],[14.21142,42.331486],[14.211619,42.331591],[14.211914,42.331561],[14.212141,42.331639],[14.212426,42.331641],[14.212738,42.331648],[14.212919,42.331775],[14.212989,42.332001],[14.212832,42.332189],[14.212696,42.332386],[14.212551,42.332529],[14.212373,42.332726],[14.212273,42.332951],[14.212052,42.333147],[14.211777,42.333096],[14.211622,42.333288],[14.211571,42.333531],[14.211525,42.333837],[14.2112,42.333866],[14.210893,42.333891],[14.210629,42.333907],[14.210375,42.333816],[14.21013,42.333746],[14.209925,42.333849],[14.209904,42.334056],[14.20989,42.334272],[14.209862,42.334515],[14.209859,42.334771],[14.209841,42.334983],[14.209793,42.335194],[14.209693,42.335405],[14.20957,42.335589],[14.20946,42.335831],[14.209702,42.335959],[14.209991,42.336087],[14.210287,42.33622],[14.210522,42.336361],[14.210754,42.336511],[14.210921,42.336688],[14.211046,42.336882],[14.211126,42.337067],[14.211247,42.337325],[14.211449,42.337466],[14.211726,42.337607],[14.21197,42.337771],[14.212279,42.3378],[14.212466,42.33768],[14.212653,42.337488],[14.212879,42.337377],[14.213167,42.337451],[14.213477,42.337372],[14.213749,42.337243],[14.213962,42.337159],[14.214279,42.337094],[14.214646,42.337069],[14.215004,42.337071],[14.21524,42.337163],[14.215509,42.337251],[14.21572,42.337365],[14.215833,42.33755],[14.215958,42.33774],[14.21608,42.33797],[14.215905,42.338095],[14.215636,42.338229],[14.215393,42.338308],[14.215154,42.338414],[14.214907,42.338534],[14.214609,42.338622],[14.214271,42.338687],[14.214009,42.338753],[14.21384,42.338932],[14.214017,42.339068],[14.214247,42.339178],[14.214483,42.339427],[14.214502,42.339666],[14.214462,42.339887],[14.214366,42.340052],[14.214128,42.340145],[14.21392,42.340275],[14.213985,42.340473],[14.214222,42.340637],[14.214421,42.34076],[14.21467,42.340996],[14.21478,42.341204],[14.21485,42.341398],[14.214863,42.341353],[14.215034,42.341498],[14.215598,42.341777],[14.215854,42.341945],[14.216156,42.342055],[14.216441,42.342115],[14.216724,42.342018],[14.217004,42.341998],[14.21723,42.342085],[14.217584,42.342146],[14.217849,42.342143],[14.218101,42.342064],[14.218309,42.341957],[14.218514,42.341805],[14.218915,42.341763],[14.219342,42.341906],[14.219556,42.342015],[14.219896,42.342229],[14.220228,42.342411],[14.220548,42.342522],[14.220874,42.34265],[14.221161,42.342796],[14.22145,42.342929],[14.22172,42.342975],[14.221996,42.343004],[14.22228,42.343087],[14.222589,42.343161],[14.222904,42.343218],[14.223197,42.343251],[14.223455,42.34328],[14.223725,42.343286],[14.224019,42.343297],[14.224301,42.343335],[14.224596,42.343328],[14.224912,42.343285],[14.225245,42.343328],[14.225475,42.343384],[14.225784,42.343462],[14.226104,42.343555],[14.226347,42.343597],[14.226641,42.343626],[14.226911,42.343619],[14.227163,42.343625],[14.227424,42.343622],[14.227673,42.343592],[14.228001,42.343563],[14.228329,42.343515],[14.228649,42.343423],[14.228875,42.343344],[14.229088,42.343237],[14.229287,42.343126],[14.229558,42.343042],[14.229904,42.343022],[14.230123,42.343275],[14.230171,42.343595],[14.230195,42.343812],[14.230226,42.344028],[14.230299,42.344227],[14.230507,42.344372],[14.230736,42.344491],[14.230901,42.34464],[14.231121,42.344809],[14.231371,42.34495],[14.231619,42.345015],[14.231897,42.344913],[14.232314,42.345019],[14.232597,42.345201],[14.232741,42.345351],[14.232993,42.345375],[14.233125,42.345187],[14.233116,42.344953],[14.233292,42.344449],[14.233617,42.344407],[14.233799,42.34421],[14.233868,42.344025],[14.23401,42.343855],[14.23425,42.343767],[14.234429,42.343579],[14.234733,42.343531],[14.235013,42.343682],[14.235205,42.343922],[14.235458,42.344077],[14.235555,42.344271],[14.235613,42.34451],[14.235667,42.344803],[14.235667,42.345042],[14.23565,42.345226],[14.23555,42.345455],[14.235533,42.345653],[14.235533,42.345874],[14.235427,42.346089],[14.235461,42.346301],[14.235556,42.346509],[14.235681,42.346712],[14.235864,42.346835],[14.236096,42.346715],[14.236226,42.346509],[14.23641,42.346343],[14.236585,42.346205],[14.236812,42.346058],[14.237077,42.345956],[14.237324,42.345863],[14.237535,42.345702],[14.237741,42.345528],[14.238027,42.345395],[14.238308,42.345293],[14.238561,42.345191],[14.238851,42.345027],[14.23905,42.344902],[14.239237,42.344755],[14.239412,42.344634],[14.239616,42.34451],[14.239867,42.344399],[14.240129,42.344297],[14.240367,42.344204],[14.24062,42.344088],[14.240843,42.34395],[14.241063,42.343803],[14.241278,42.343629],[14.241459,42.343468],[14.241631,42.343307],[14.24183,42.34316],[14.24211,42.343049],[14.242448,42.343015],[14.242524,42.343205],[14.242322,42.343402],[14.242083,42.343562],[14.242071,42.343765],[14.242036,42.343945],[14.241982,42.344165],[14.24186,42.344407],[14.24176,42.344659],[14.241661,42.344856],[14.241546,42.345022],[14.241426,42.345188],[14.241281,42.345367],[14.241228,42.345542],[14.24114,42.345753],[14.241035,42.345915],[14.240904,42.346166],[14.240763,42.346332],[14.240655,42.346493],[14.240474,42.346663],[14.240271,42.346833],[14.240302,42.347018],[14.240458,42.347167],[14.240725,42.347228],[14.241008,42.346878],[14.241234,42.346785],[14.241839,42.346699],[14.242097,42.34666],[14.242355,42.346653],[14.24261,42.346682],[14.24288,42.346665],[14.243194,42.346618],[14.243434,42.346575],[14.243705,42.346504],[14.243987,42.346479],[14.244198,42.346593],[14.244442,42.34682],[14.244564,42.347005],[14.244652,42.347204],[14.24478,42.347448],[14.244899,42.347642],[14.245076,42.34786],[14.245226,42.348014],[14.245463,42.348173],[14.245713,42.348098],[14.245833,42.347937],[14.246053,42.347835],[14.246299,42.347868],[14.246595,42.347982],[14.246848,42.348128],[14.247126,42.348188],[14.247356,42.348271],[14.247533,42.348448],[14.247674,42.348615],[14.247799,42.348769],[14.247965,42.348923],[14.248078,42.349113],[14.248107,42.349221],[14.248165,42.349402],[14.248242,42.349574],[14.248279,42.349785],[14.248331,42.34997],[14.24839,42.350164],[14.248591,42.350314],[14.248841,42.35023],[14.249044,42.350052],[14.249262,42.349846],[14.249381,42.349752],[14.249595,42.349609],[14.249992,42.349473],[14.250555,42.349314],[14.25099,42.3492],[14.251331,42.348873],[14.25156,42.348744],[14.251817,42.348575],[14.252104,42.348415],[14.252355,42.348281],[14.252548,42.348152],[14.252771,42.348]]]]}}
]
}
